,class,NOAA_ar_num,event_date,start_time,end_time,peak_time
0,B1.8,12624,1/4/2017,4/1/17 2:34,4/1/17 2:50,1/4/17 2:39
1,B1.3,12626,1/16/2017,1/16/17 1:41,1/16/17 1:48,1/16/17 1:44
2,B1.4,12625,1/16/2017,1/16/17 18:12,1/16/17 18:35,1/16/17 18:23
3,B1.0,12628,1/20/2017,1/20/17 6:33,1/20/17 6:37,1/20/17 6:36
4,B1.4,12628,1/20/2017,1/20/17 6:42,1/20/17 6:44,1/20/17 6:43
5,B1.7,12628,1/20/2017,1/20/17 6:47,1/20/17 7:19,1/20/17 7:15
6,B2.7,12628,1/20/2017,1/20/17 7:51,1/20/17 8:44,1/20/17 8:36
7,B4.3,12628,1/20/2017,1/20/17 9:33,1/20/17 9:42,1/20/17 9:39
8,B5.3,12628,1/20/2017,1/20/17 10:37,1/20/17 10:52,1/20/17 10:46
9,B3.1,12628,1/20/2017,1/20/17 15:09,1/20/17 15:20,1/20/17 15:16
10,B4.1,12627,1/20/2017,1/20/17 17:09,1/20/17 17:16,1/20/17 17:12
11,B2.6,12627,1/20/2017,1/20/17 20:57,1/20/17 21:04,1/20/17 21:00
12,B5.4,12628,1/21/2017,1/21/17 2:10,1/21/17 2:21,1/21/17 2:17
13,B7.1,12628,1/21/2017,1/21/17 2:28,1/21/17 2:36,1/21/17 2:31
14,B7.6,12628,1/21/2017,1/21/17 3:00,1/21/17 3:07,1/21/17 3:05
15,B3.6,12628,1/21/2017,1/21/17 4:02,1/21/17 4:07,1/21/17 4:05
16,C1.2,12628,1/21/2017,1/21/17 6:23,1/21/17 6:36,1/21/17 6:29
17,B8.4,12628,1/21/2017,1/21/17 7:02,1/21/17 7:09,1/21/17 7:05
18,C9.3,12628,1/21/2017,1/21/17 7:14,1/21/17 7:29,1/21/17 7:26
19,B3.5,12628,1/21/2017,1/21/17 8:23,1/21/17 8:29,1/21/17 8:26
20,B3.8,12628,1/21/2017,1/21/17 8:58,1/21/17 9:10,1/21/17 9:06
21,B5.1,12628,1/21/2017,1/21/17 9:12,1/21/17 9:26,1/21/17 9:17
22,C1.0,12628,1/21/2017,1/21/17 9:40,1/21/17 9:52,1/21/17 9:46
23,C1.1,12628,1/21/2017,1/21/17 10:19,1/21/17 10:27,1/21/17 10:23
24,C6.1,12628,1/21/2017,1/21/17 10:59,1/21/17 11:11,1/21/17 11:08
25,C1.8,12628,1/21/2017,1/21/17 13:19,1/21/17 13:30,1/21/17 13:26
26,B5.1,12628,1/21/2017,1/21/17 14:08,1/21/17 14:13,1/21/17 14:11
27,B2.4,12628,1/22/2017,1/22/17 12:23,1/22/17 12:34,1/22/17 12:27
28,B1.9,12629,1/24/2017,1/24/17 16:03,1/24/17 16:11,1/24/17 16:08
29,B5.2,12629,1/24/2017,1/24/17 17:47,1/24/17 18:01,1/24/17 17:55
30,B2.6,12629,1/24/2017,1/24/17 18:39,1/24/17 18:56,1/24/17 18:45
31,B3.2,12629,1/24/2017,1/24/17 23:44,1/24/17 23:54,1/24/17 23:49
32,B4.6,12629,1/25/2017,1/25/17 2:15,1/25/17 2:24,1/25/17 2:20
33,B2.4,12629,1/25/2017,1/25/17 3:54,1/25/17 4:02,1/25/17 3:58
34,B6.5,12629,1/25/2017,1/25/17 15:19,1/25/17 15:36,1/25/17 15:31
35,B4.6,12629,1/25/2017,1/25/17 16:48,1/25/17 16:59,1/25/17 16:53
36,B3.0,12629,1/25/2017,1/25/17 17:55,1/25/17 18:11,1/25/17 18:01
37,B3.8,12629,1/25/2017,1/25/17 19:22,1/25/17 19:42,1/25/17 19:32
38,B2.2,12629,1/25/2017,1/25/17 20:09,1/25/17 20:16,1/25/17 20:12
39,B8.5,12629,1/25/2017,1/25/17 21:22,1/25/17 21:32,1/25/17 21:28
40,B2.2,12629,1/25/2017,1/25/17 22:48,1/25/17 22:56,1/25/17 22:52
41,B2.2,12629,1/26/2017,1/26/17 3:48,1/26/17 3:57,1/26/17 3:52
42,B4.1,12629,1/26/2017,1/26/17 4:06,1/26/17 4:15,1/26/17 4:12
43,B2.1,12629,1/26/2017,1/26/17 4:40,1/26/17 4:46,1/26/17 4:43
44,B2.3,12629,1/26/2017,1/26/17 5:23,1/26/17 5:33,1/26/17 5:28
45,B3.9,12629,1/26/2017,1/26/17 6:08,1/26/17 6:18,1/26/17 6:13
46,B2.0,12629,1/26/2017,1/26/17 12:18,1/26/17 12:23,1/26/17 12:21
47,B2.6,12629,1/26/2017,1/26/17 16:26,1/26/17 16:39,1/26/17 16:33
48,B2.2,12629,1/26/2017,1/26/17 16:48,1/26/17 16:54,1/26/17 16:51
49,B5.4,12627,1/27/2017,1/27/17 10:38,1/27/17 10:52,1/27/17 10:45
50,B2.3,12629,1/27/2017,1/27/17 15:35,1/27/17 15:43,1/27/17 15:39
51,C2.8,12627,1/28/2017,1/28/17 20:56,1/28/17 21:21,1/28/17 21:09
52,B1.2,12631,2/4/2017,4/2/17 5:57,4/2/17 6:04,2/4/17 6:00
53,B1.6,12632,2/4/2017,4/2/17 12:59,4/2/17 13:45,2/4/17 13:12
54,B1.5,12634,2/6/2017,6/2/17 16:16,6/2/17 16:31,2/6/17 16:22
55,B1.1,12635,2/8/2017,8/2/17 23:08,8/2/17 23:18,2/8/17 23:11
56,B2.7,12635,2/9/2017,9/2/17 0:42,9/2/17 0:55,2/9/17 0:50
57,B3.1,12635,2/9/2017,9/2/17 1:35,9/2/17 1:42,2/9/17 1:40
58,C1.1,12635,2/9/2017,9/2/17 1:45,9/2/17 1:56,2/9/17 1:51
59,B6.0,12635,2/9/2017,9/2/17 2:56,9/2/17 3:16,2/9/17 3:09
60,C1.3,12635,2/9/2017,9/2/17 3:20,9/2/17 3:29,2/9/17 3:26
61,B6.1,12635,2/9/2017,9/2/17 5:31,9/2/17 5:49,2/9/17 5:42
62,B3.8,12635,2/9/2017,9/2/17 6:05,9/2/17 6:15,2/9/17 6:12
63,B3.3,12635,2/9/2017,9/2/17 6:31,9/2/17 6:37,2/9/17 6:35
64,C1.1,12635,2/9/2017,9/2/17 6:55,9/2/17 7:04,2/9/17 7:02
65,B1.1,12635,2/9/2017,9/2/17 10:56,9/2/17 11:03,2/9/17 10:59
66,B1.7,12635,2/9/2017,9/2/17 11:54,9/2/17 12:31,2/9/17 12:04
67,B4.5,12638,2/20/2017,2/20/17 11:22,2/20/17 11:37,2/20/17 11:29
68,B3.7,12638,2/20/2017,2/20/17 11:51,2/20/17 12:01,2/20/17 11:56
69,B5.4,12638,2/20/2017,2/20/17 13:43,2/20/17 13:51,2/20/17 13:48
70,B2.5,12638,2/20/2017,2/20/17 23:10,2/20/17 23:20,2/20/17 23:14
71,B3.0,12638,2/21/2017,2/21/17 5:14,2/21/17 5:26,2/21/17 5:22
72,B2.8,12638,2/21/2017,2/21/17 6:41,2/21/17 6:50,2/21/17 6:45
73,B2.3,12638,2/21/2017,2/21/17 11:20,2/21/17 11:25,2/21/17 11:23
74,B2.7,12638,2/21/2017,2/21/17 11:27,2/21/17 11:33,2/21/17 11:31
75,B2.9,12638,2/21/2017,2/21/17 13:58,2/21/17 14:05,2/21/17 14:01
76,B3.0,12638,2/21/2017,2/21/17 22:47,2/21/17 23:04,2/21/17 22:53
77,B6.8,12638,2/22/2017,2/22/17 1:40,2/22/17 2:02,2/22/17 1:51
78,C4.1,12638,2/22/2017,2/22/17 13:03,2/22/17 13:38,2/22/17 13:27
79,B4.9,12638,2/22/2017,2/22/17 21:07,2/22/17 21:18,2/22/17 21:13
80,B4.4,12638,2/23/2017,2/23/17 0:45,2/23/17 1:20,2/23/17 1:05
81,C1.1,12638,2/24/2017,2/24/17 0:04,2/24/17 0:14,2/24/17 0:12
82,B3.2,12640,2/26/2017,2/26/17 23:11,2/26/17 23:25,2/26/17 23:18
83,B1.5,12640,2/27/2017,2/27/17 4:57,2/27/17 5:04,2/27/17 5:00
84,B2.9,12641,2/27/2017,2/27/17 17:12,2/27/17 18:04,2/27/17 17:23
85,B9.3,12641,2/27/2017,2/27/17 20:07,2/27/17 20:25,2/27/17 20:17
86,B2.6,12641,2/27/2017,2/27/17 21:36,2/27/17 21:42,2/27/17 21:39
87,B3.3,12641,2/28/2017,2/28/17 4:30,2/28/17 4:45,2/28/17 4:38
88,B3.5,12641,2/28/2017,2/28/17 6:23,2/28/17 6:32,2/28/17 6:29
89,B7.7,12641,2/28/2017,2/28/17 11:42,2/28/17 12:15,2/28/17 11:51
90,B2.1,12641,3/1/2017,1/3/17 4:07,1/3/17 4:19,3/1/17 4:12
91,B1.9,12641,3/1/2017,1/3/17 4:30,1/3/17 4:37,3/1/17 4:33
92,B1.2,12641,3/1/2017,1/3/17 7:39,1/3/17 7:49,3/1/17 7:43
93,B2.8,12641,3/1/2017,1/3/17 7:57,1/3/17 8:02,3/1/17 8:00
94,B2.6,12641,3/1/2017,1/3/17 8:03,1/3/17 8:10,3/1/17 8:07
95,B2.1,12641,3/3/2017,3/3/17 5:35,3/3/17 5:43,3/3/17 5:40
96,B1.7,12641,3/3/2017,3/3/17 6:55,3/3/17 7:46,3/3/17 7:32
97,B1.1,12641,3/4/2017,4/3/17 5:33,4/3/17 5:44,3/4/17 5:38
98,B1.7,12641,3/4/2017,4/3/17 10:12,4/3/17 10:27,3/4/17 10:18
99,B1.3,12641,3/4/2017,4/3/17 22:55,4/3/17 23:08,3/4/17 22:59
100,B1.5,12641,3/6/2017,6/3/17 11:58,6/3/17 12:10,3/6/17 12:03
101,B3.3,12643,3/22/2017,3/22/17 18:21,3/22/17 19:15,3/22/17 18:58
102,B2.8,12644,3/25/2017,3/25/17 22:04,3/25/17 22:19,3/25/17 22:13
103,B2.3,12644,3/25/2017,3/25/17 23:31,3/25/17 23:46,3/25/17 23:39
104,B4.0,12644,3/26/2017,3/26/17 2:29,3/26/17 2:41,3/26/17 2:34
105,B1.3,12644,3/26/2017,3/26/17 3:20,3/26/17 3:35,3/26/17 3:28
106,B1.0,12644,3/26/2017,3/26/17 10:29,3/26/17 10:37,3/26/17 10:32
107,B1.6,12644,3/26/2017,3/26/17 13:07,3/26/17 13:25,3/26/17 13:12
108,B1.3,12644,3/26/2017,3/26/17 15:23,3/26/17 15:29,3/26/17 15:27
109,B1.8,12644,3/26/2017,3/26/17 15:54,3/26/17 16:05,3/26/17 15:58
110,B1.7,12644,3/26/2017,3/26/17 19:02,3/26/17 19:11,3/26/17 19:05
111,B4.0,12644,3/26/2017,3/26/17 21:21,3/26/17 21:41,3/26/17 21:28
112,B2.0,12644,3/26/2017,3/26/17 23:00,3/26/17 23:26,3/26/17 23:17
113,C1.3,12644,3/26/2017,3/26/17 23:49,3/27/17 0:08,3/26/17 0:00
114,C3.2,12645,3/27/2017,3/27/17 11:07,3/27/17 11:18,3/27/17 11:12
115,C1.6,12645,3/27/2017,3/27/17 16:52,3/27/17 17:18,3/27/17 17:12
116,B4.1,12645,3/27/2017,3/27/17 17:39,3/27/17 17:47,3/27/17 17:43
117,C5.1,12645,3/27/2017,3/27/17 17:55,3/27/17 18:24,3/27/17 18:20
118,B5.5,12644,3/27/2017,3/27/17 19:44,3/27/17 20:11,3/27/17 20:02
119,B8.4,12645,3/27/2017,3/27/17 20:37,3/27/17 20:52,3/27/17 20:47
120,B4.1,12644,3/27/2017,3/27/17 21:37,3/27/17 21:43,3/27/17 21:40
121,B6.8,12644,3/27/2017,3/27/17 23:41,3/27/17 23:49,3/27/17 23:45
122,C1.1,12644,3/28/2017,3/28/17 0:19,3/28/17 0:35,3/28/17 0:27
123,B9.1,12645,3/28/2017,3/28/17 0:50,3/28/17 0:55,3/28/17 0:53
124,B6.6,12644,3/28/2017,3/28/17 1:52,3/28/17 2:04,3/28/17 2:00
125,C3.1,12645,3/28/2017,3/28/17 3:18,3/28/17 3:25,3/28/17 3:23
126,B6.6,12644,3/28/2017,3/28/17 3:52,3/28/17 4:07,3/28/17 3:57
127,C3.2,12645,3/28/2017,3/28/17 4:47,3/28/17 5:03,3/28/17 4:56
128,C1.1,12645,3/28/2017,3/28/17 7:12,3/28/17 7:23,3/28/17 7:19
129,B7.0,12645,3/28/2017,3/28/17 9:01,3/28/17 9:16,3/28/17 9:10
130,B4.0,12645,3/28/2017,3/28/17 9:38,3/28/17 9:50,3/28/17 9:44
131,C1.0,12645,3/28/2017,3/28/17 9:55,3/28/17 10:04,3/28/17 10:01
132,B2.8,12645,3/28/2017,3/28/17 13:18,3/28/17 13:25,3/28/17 13:22
133,B2.5,12645,3/28/2017,3/28/17 13:51,3/28/17 13:59,3/28/17 13:55
134,B2.1,12645,3/28/2017,3/28/17 15:46,3/28/17 15:56,3/28/17 15:51
135,B2.1,12646,3/28/2017,3/28/17 20:48,3/28/17 21:00,3/28/17 20:54
136,B2.0,12646,3/28/2017,3/28/17 21:02,3/28/17 21:07,3/28/17 21:05
137,B3.2,12645,3/29/2017,3/29/17 0:38,3/29/17 0:48,3/29/17 0:43
138,B4.5,12646,3/29/2017,3/29/17 1:26,3/29/17 1:45,3/29/17 1:40
139,B3.5,12645,3/29/2017,3/29/17 2:18,3/29/17 2:26,3/29/17 2:22
140,B3.3,12644,3/29/2017,3/29/17 12:59,3/29/17 13:20,3/29/17 13:09
141,B4.3,12645,3/29/2017,3/29/17 20:26,3/29/17 20:32,3/29/17 20:30
142,B6.5,12644,3/29/2017,3/29/17 23:19,3/29/17 23:50,3/29/17 23:32
143,B2.6,12645,3/30/2017,3/30/17 6:58,3/30/17 7:10,3/30/17 7:03
144,B2.7,12645,3/30/2017,3/30/17 13:00,3/30/17 13:05,3/30/17 13:03
145,B2.6,12644,3/30/2017,3/30/17 17:57,3/30/17 18:03,3/30/17 18:01
146,B2.1,12644,3/30/2017,3/30/17 19:44,3/30/17 20:00,3/30/17 19:53
147,B5.0,12645,3/31/2017,3/31/17 3:39,3/31/17 3:50,3/31/17 3:46
148,B3.3,12644,3/31/2017,3/31/17 5:45,3/31/17 5:53,3/31/17 5:50
149,B2.7,12645,3/31/2017,3/31/17 6:15,3/31/17 6:24,3/31/17 6:19
150,B3.2,12644,3/31/2017,3/31/17 13:39,3/31/17 13:44,3/31/17 13:42
151,B3.7,12648,3/31/2017,3/31/17 14:41,3/31/17 14:52,3/31/17 14:47
152,C1.7,12645,3/31/2017,3/31/17 17:28,3/31/17 17:48,3/31/17 17:37
153,B2.9,12644,3/31/2017,3/31/17 19:12,3/31/17 19:23,3/31/17 19:19
154,B3.6,12644,3/31/2017,3/31/17 21:09,3/31/17 21:16,3/31/17 21:12
155,C1.1,12645,3/31/2017,3/31/17 22:54,3/31/17 23:10,3/31/17 23:01
156,B5.0,12647,4/1/2017,1/4/17 1:38,1/4/17 1:53,4/1/17 1:47
157,B5.1,12645,4/1/2017,1/4/17 3:47,1/4/17 3:56,4/1/17 3:51
158,B6.4,12645,4/1/2017,1/4/17 4:12,1/4/17 4:20,4/1/17 4:15
159,B3.5,12644,4/1/2017,1/4/17 14:59,1/4/17 15:09,4/1/17 15:02
160,B8.1,12645,4/1/2017,1/4/17 15:23,1/4/17 16:18,4/1/17 15:49
161,B7.4,12644,4/1/2017,1/4/17 18:07,1/4/17 18:14,4/1/17 18:10
162,C3.7,12644,4/1/2017,1/4/17 19:30,1/4/17 20:13,4/1/17 19:56
163,M4.4,12644,4/1/2017,1/4/17 21:35,1/4/17 22:05,4/1/17 21:48
164,C5.1,12645,4/1/2017,1/4/17 22:59,1/4/17 23:05,4/1/17 23:03
165,B4.8,12644,4/2/2017,2/4/17 0:26,2/4/17 0:31,4/2/17 0:29
166,C1.0,12645,4/2/2017,2/4/17 2:06,2/4/17 2:13,4/2/17 2:10
167,C8.0,12645,4/2/2017,2/4/17 2:41,2/4/17 2:48,4/2/17 2:46
168,C1.2,12644,4/2/2017,2/4/17 4:55,2/4/17 5:00,4/2/17 4:58
169,M5.3,12644,4/2/2017,2/4/17 7:50,2/4/17 8:13,4/2/17 8:02
170,C1.7,12645,4/2/2017,2/4/17 10:42,2/4/17 11:11,4/2/17 11:03
171,M2.3,12644,4/2/2017,2/4/17 12:52,2/4/17 13:11,4/2/17 13:00
172,C4.2,12644,4/2/2017,2/4/17 14:44,2/4/17 15:25,4/2/17 15:08
173,C3.0,12644,4/2/2017,2/4/17 16:20,2/4/17 16:38,4/2/17 16:27
174,M2.1,12644,4/2/2017,2/4/17 18:18,2/4/17 19:28,4/2/17 18:38
175,M5.7,12644,4/2/2017,2/4/17 20:26,2/4/17 20:38,4/2/17 20:33
176,C4.7,12644,4/2/2017,2/4/17 21:07,2/4/17 21:13,4/2/17 21:10
177,M1.2,12644,4/3/2017,3/4/17 0:56,3/4/17 1:12,4/3/17 1:05
178,C2.3,12644,4/3/2017,3/4/17 4:19,3/4/17 4:31,4/3/17 4:26
179,C5.7,12644,4/3/2017,3/4/17 4:55,3/4/17 5:36,4/3/17 5:27
180,C3.8,12645,4/3/2017,3/4/17 8:09,3/4/17 8:21,4/3/17 8:14
181,C2.5,12644,4/3/2017,3/4/17 9:15,3/4/17 9:21,4/3/17 9:19
182,C3.9,12645,4/3/2017,3/4/17 11:07,3/4/17 11:25,4/3/17 11:13
183,C2.6,12645,4/3/2017,3/4/17 11:40,3/4/17 11:45,4/3/17 11:43
184,C2.6,12645,4/3/2017,3/4/17 12:16,3/4/17 12:26,4/3/17 12:20
185,C3.4,12645,4/3/2017,3/4/17 13:01,3/4/17 13:09,4/3/17 13:06
186,C7.3,12644,4/3/2017,3/4/17 13:18,3/4/17 13:28,4/3/17 13:24
187,M5.8,12644,4/3/2017,3/4/17 14:19,3/4/17 14:34,4/3/17 14:29
188,C5.0,12644,4/3/2017,3/4/17 20:07,3/4/17 20:20,4/3/17 20:13
189,C1.6,12644,4/3/2017,3/4/17 21:13,3/4/17 21:18,4/3/17 21:16
190,C2.3,12644,4/3/2017,3/4/17 22:51,3/4/17 23:06,4/3/17 23:02
191,C1.7,12645,4/3/2017,3/4/17 23:43,3/4/17 23:56,4/3/17 23:52
192,C1.4,12645,4/4/2017,4/4/17 0:35,4/4/17 0:54,4/4/17 0:39
193,C1.9,12648,4/4/2017,4/4/17 1:28,4/4/17 1:36,4/4/17 1:32
194,C1.1,12644,4/4/2017,4/4/17 6:09,4/4/17 6:19,4/4/17 6:16
195,C3.7,12644,4/4/2017,4/4/17 7:02,4/4/17 7:25,4/4/17 7:12
196,C2.3,12644,4/4/2017,4/4/17 9:46,4/4/17 9:58,4/4/17 9:51
197,C1.9,12644,4/4/2017,4/4/17 12:12,4/4/17 12:18,4/4/17 12:16
198,C2.3,12644,4/4/2017,4/4/17 13:31,4/4/17 13:56,4/4/17 13:41
199,C1.0,12645,4/4/2017,4/4/17 16:14,4/4/17 16:19,4/4/17 16:17
200,C1.9,12644,4/4/2017,4/4/17 16:55,4/4/17 17:03,4/4/17 17:01
201,C1.1,12645,4/4/2017,4/4/17 19:21,4/4/17 19:27,4/4/17 19:25
202,C2.1,12645,4/4/2017,4/4/17 21:31,4/4/17 21:39,4/4/17 21:36
203,C4.9,12645,4/4/2017,4/4/17 23:30,4/4/17 23:46,4/4/17 23:42
204,C1.1,12645,4/5/2017,5/4/17 4:51,5/4/17 4:58,4/5/17 4:55
205,C1.0,12645,4/5/2017,5/4/17 8:37,5/4/17 9:42,4/5/17 9:37
206,B9.1,12645,4/5/2017,5/4/17 17:34,5/4/17 17:45,4/5/17 17:40
207,B2.9,12645,4/6/2017,6/4/17 6:47,6/4/17 6:52,4/6/17 6:50
208,B8.4,12645,4/6/2017,6/4/17 7:23,6/4/17 7:43,4/6/17 7:32
209,B4.0,12645,4/6/2017,6/4/17 8:39,6/4/17 9:45,4/6/17 9:34
210,C1.1,12645,4/6/2017,6/4/17 10:15,6/4/17 10:29,4/6/17 10:26
211,C5.5,12645,4/6/2017,6/4/17 12:01,6/4/17 12:20,4/6/17 12:10
212,B5.5,12645,4/6/2017,6/4/17 17:21,6/4/17 17:34,4/6/17 17:27
213,B4.8,12645,4/6/2017,6/4/17 21:06,6/4/17 21:21,4/6/17 21:16
214,B4.7,12645,4/6/2017,6/4/17 22:59,6/4/17 23:11,4/6/17 23:04
215,C2.7,12645,4/7/2017,7/4/17 0:13,7/4/17 0:33,4/7/17 0:25
216,B9.8,12645,4/7/2017,7/4/17 8:49,7/4/17 9:03,4/7/17 8:55
217,B2.6,12645,4/7/2017,7/4/17 17:13,7/4/17 17:24,4/7/17 17:20
218,C4.3,12645,4/7/2017,7/4/17 19:42,7/4/17 19:52,4/7/17 19:49
219,B4.0,12645,4/8/2017,8/4/17 0:38,8/4/17 0:51,4/8/17 0:47
220,B3.0,12650,4/8/2017,8/4/17 1:42,8/4/17 1:53,4/8/17 1:48
221,C1.1,12645,4/8/2017,8/4/17 2:55,8/4/17 3:17,4/8/17 3:09
222,C1.2,12645,4/8/2017,8/4/17 8:47,8/4/17 9:12,4/8/17 9:05
223,B3.2,12650,4/8/2017,8/4/17 13:23,8/4/17 13:35,4/8/17 13:28
224,B3.3,12645,4/8/2017,8/4/17 14:14,8/4/17 14:23,4/8/17 14:17
225,B3.6,12650,4/8/2017,8/4/17 15:05,8/4/17 15:16,4/8/17 15:10
226,B3.1,12650,4/8/2017,8/4/17 17:03,8/4/17 17:26,4/8/17 17:14
227,B4.9,12645,4/8/2017,8/4/17 19:18,8/4/17 19:45,4/8/17 19:29
228,B1.8,12648,4/9/2017,9/4/17 17:21,9/4/17 17:30,4/9/17 17:26
229,B2.7,12650,4/10/2017,10/4/17 4:23,10/4/17 4:47,4/10/17 4:36
230,B1.1,12650,4/10/2017,10/4/17 8:36,10/4/17 8:47,4/10/17 8:39
231,B1.3,12650,4/10/2017,10/4/17 9:53,10/4/17 10:12,4/10/17 9:58
232,B4.8,12650,4/10/2017,10/4/17 18:16,10/4/17 18:28,4/10/17 18:23
233,B1.6,12650,4/10/2017,10/4/17 21:17,10/4/17 21:26,4/10/17 21:22
234,B3.9,12650,4/11/2017,11/4/17 2:56,11/4/17 3:04,4/11/17 3:00
235,B1.3,12650,4/11/2017,11/4/17 3:45,11/4/17 4:12,4/11/17 4:00
236,B1.3,12650,4/11/2017,11/4/17 10:59,11/4/17 11:16,4/11/17 11:11
237,B1.0,12650,4/11/2017,11/4/17 18:46,11/4/17 18:54,4/11/17 18:50
238,B1.4,12650,4/11/2017,11/4/17 19:38,11/4/17 19:53,4/11/17 19:45
239,B1.3,12650,4/12/2017,12/4/17 0:07,12/4/17 0:32,4/12/17 0:11
240,B3.6,12651,4/17/2017,4/17/17 1:28,4/17/17 1:46,4/17/17 1:39
241,C2.0,12651,4/17/2017,4/17/17 2:17,4/17/17 3:10,4/17/17 2:47
242,B4.0,12651,4/17/2017,4/17/17 5:54,4/17/17 6:02,4/17/17 5:58
243,B7.1,12651,4/17/2017,4/17/17 7:13,4/17/17 7:27,4/17/17 7:21
244,B3.6,12651,4/17/2017,4/17/17 14:40,4/17/17 14:50,4/17/17 14:46
245,B3.2,12651,4/17/2017,4/17/17 16:24,4/17/17 16:33,4/17/17 16:30
246,B5.7,12651,4/17/2017,4/17/17 18:46,4/17/17 19:06,4/17/17 18:53
247,B7.5,12651,4/17/2017,4/17/17 21:21,4/17/17 21:53,4/17/17 21:42
248,B2.0,12651,4/17/2017,4/17/17 23:39,4/17/17 23:48,4/17/17 23:44
249,B2.4,12651,4/18/2017,4/18/17 0:24,4/18/17 0:32,4/18/17 0:28
250,B1.7,12651,4/18/2017,4/18/17 2:18,4/18/17 2:26,4/18/17 2:22
251,B5.6,12651,4/18/2017,4/18/17 5:31,4/18/17 5:42,4/18/17 5:37
252,B2.1,12651,4/18/2017,4/18/17 5:51,4/18/17 6:00,4/18/17 5:54
253,B6.9,12651,4/18/2017,4/18/17 6:31,4/18/17 6:46,4/18/17 6:40
254,C3.3,12651,4/18/2017,4/18/17 9:29,4/18/17 9:55,4/18/17 9:41
255,C5.5,12651,4/18/2017,4/18/17 19:21,4/18/17 20:49,4/18/17 20:10
256,B5.4,12651,4/19/2017,4/19/17 10:01,4/19/17 10:07,4/19/17 10:05
257,B2.5,12651,4/19/2017,4/19/17 12:31,4/19/17 12:37,4/19/17 12:34
258,B7.2,12651,4/19/2017,4/19/17 16:32,4/19/17 16:39,4/19/17 16:36
259,B1.6,12651,4/19/2017,4/19/17 17:53,4/19/17 18:00,4/19/17 17:56
260,B8.0,12651,4/20/2017,4/20/17 6:49,4/20/17 7:04,4/20/17 6:56
261,B2.6,12651,4/20/2017,4/20/17 10:43,4/20/17 10:58,4/20/17 10:49
262,B3.7,12651,4/20/2017,4/20/17 21:17,4/20/17 21:27,4/20/17 21:23
263,B2.4,12651,4/21/2017,4/21/17 2:58,4/21/17 3:04,4/21/17 3:02
264,B6.2,12651,4/21/2017,4/21/17 12:06,4/21/17 12:26,4/21/17 12:16
265,B2.0,12651,4/21/2017,4/21/17 17:05,4/21/17 17:17,4/21/17 17:10
266,B4.1,12651,4/21/2017,4/21/17 17:23,4/21/17 17:41,4/21/17 17:30
267,B4.1,12651,4/21/2017,4/21/17 19:35,4/21/17 19:44,4/21/17 19:41
268,B9.6,12651,4/22/2017,4/22/17 0:22,4/22/17 0:42,4/22/17 0:34
269,B1.8,12651,4/22/2017,4/22/17 10:07,4/22/17 10:13,4/22/17 10:10
270,B2.0,12653,4/22/2017,4/22/17 12:08,4/22/17 12:16,4/22/17 12:13
271,B2.1,12651,4/22/2017,4/22/17 14:52,4/22/17 15:01,4/22/17 14:58
272,B2.2,12651,4/23/2017,4/23/17 2:00,4/23/17 2:07,4/23/17 2:04
273,B3.7,12651,4/23/2017,4/23/17 3:02,4/23/17 3:09,4/23/17 3:06
274,B2.2,12653,4/24/2017,4/24/17 21:31,4/24/17 21:41,4/24/17 21:36
275,B2.6,12652,4/24/2017,4/24/17 22:15,4/24/17 22:25,4/24/17 22:19
276,B1.0,12651,4/25/2017,4/25/17 5:39,4/25/17 5:50,4/25/17 5:42
277,B1.2,12651,4/25/2017,4/25/17 6:56,4/25/17 7:14,4/25/17 7:01
278,B7.2,12651,4/25/2017,4/25/17 20:14,4/25/17 20:37,4/25/17 20:25
279,B1.4,12653,4/26/2017,4/26/17 2:29,4/26/17 2:36,4/26/17 2:32
280,B2.9,12652,4/26/2017,4/26/17 12:24,4/26/17 12:46,4/26/17 12:30
281,B3.4,12652,4/26/2017,4/26/17 15:28,4/26/17 15:50,4/26/17 15:38
282,B4.5,12653,4/26/2017,4/26/17 17:36,4/26/17 17:59,4/26/17 17:48
283,B1.3,12653,4/28/2017,4/28/17 17:09,4/28/17 17:15,4/28/17 17:12
284,B1.9,12651,4/30/2017,4/30/17 18:27,4/30/17 18:37,4/30/17 18:32
285,B1.1,12651,4/30/2017,4/30/17 23:44,4/30/17 23:50,4/30/17 23:48
286,B9.9,12652,5/1/2017,1/5/17 3:55,1/5/17 4:05,5/1/17 4:01
287,B1.4,12652,5/1/2017,1/5/17 9:05,1/5/17 9:15,5/1/17 9:11
288,B2.9,12652,5/1/2017,1/5/17 12:58,1/5/17 13:09,5/1/17 13:03
289,B1.3,12654,5/2/2017,2/5/17 19:33,2/5/17 19:41,5/2/17 19:36
290,B1.4,12655,5/5/2017,5/5/17 3:30,5/5/17 3:43,5/5/17 3:38
291,B4.7,12655,5/5/2017,5/5/17 4:18,5/5/17 4:42,5/5/17 4:37
292,B1.5,12654,5/5/2017,5/5/17 6:09,5/5/17 6:18,5/5/17 6:14
293,B1.5,12655,5/5/2017,5/5/17 8:41,5/5/17 8:50,5/5/17 8:45
294,B4.2,12655,5/5/2017,5/5/17 10:25,5/5/17 10:39,5/5/17 10:33
295,B3.4,12655,5/5/2017,5/5/17 12:23,5/5/17 12:36,5/5/17 12:29
296,B2.2,12657,5/16/2017,5/16/17 4:07,5/16/17 4:26,5/16/17 4:16
297,B1.2,12657,5/16/2017,5/16/17 18:06,5/16/17 18:13,5/16/17 18:09
298,B1.1,12656,5/18/2017,5/18/17 16:34,5/18/17 16:44,5/18/17 16:39
299,B1.4,12658,5/21/2017,5/21/17 7:37,5/21/17 7:48,5/21/17 7:44
300,B1.5,12660,5/22/2017,5/22/17 22:01,5/22/17 22:09,5/22/17 22:05
301,B4.4,12660,5/23/2017,5/23/17 14:04,5/23/17 14:37,5/23/17 14:21
302,B3.8,12660,5/24/2017,5/24/17 13:31,5/24/17 13:56,5/24/17 13:44
303,B1.8,12659,5/26/2017,5/26/17 1:33,5/26/17 1:40,5/26/17 1:36
304,B1.2,12659,5/26/2017,5/26/17 9:25,5/26/17 9:30,5/26/17 9:28
305,B2.9,12659,5/26/2017,5/26/17 21:18,5/26/17 21:32,5/26/17 21:23
306,B2.2,12659,5/27/2017,5/27/17 8:48,5/27/17 8:57,5/27/17 8:51
307,B3.1,12659,5/27/2017,5/27/17 10:22,5/27/17 10:53,5/27/17 10:38
308,B9.2,12659,5/27/2017,5/27/17 17:47,5/27/17 19:04,5/27/17 18:30
309,B4.4,12659,5/27/2017,5/27/17 21:18,5/27/17 21:28,5/27/17 21:24
310,B7.2,12659,5/27/2017,5/27/17 22:08,5/27/17 22:14,5/27/17 22:11
311,B3.8,12659,5/28/2017,5/28/17 0:55,5/28/17 1:03,5/28/17 1:00
312,B6.7,12659,5/28/2017,5/28/17 6:34,5/28/17 6:51,5/28/17 6:39
313,B8.0,12659,5/28/2017,5/28/17 10:46,5/28/17 10:54,5/28/17 10:51
314,B6.6,12659,5/28/2017,5/28/17 11:39,5/28/17 11:54,5/28/17 11:47
315,B4.0,12659,5/28/2017,5/28/17 13:18,5/28/17 13:29,5/28/17 13:23
316,B1.6,12659,5/28/2017,5/28/17 14:22,5/28/17 14:30,5/28/17 14:25
317,B3.0,12659,5/28/2017,5/28/17 15:42,5/28/17 15:57,5/28/17 15:52
318,B2.7,12659,5/28/2017,5/28/17 18:55,5/28/17 19:04,5/28/17 18:59
319,C3.3,12659,5/28/2017,5/28/17 19:22,5/28/17 19:37,5/28/17 19:28
320,C1.0,12659,5/28/2017,5/28/17 23:05,5/28/17 23:26,5/28/17 23:13
321,B2.3,12659,5/29/2017,5/29/17 9:30,5/29/17 9:37,5/29/17 9:34
322,B2.3,12659,5/29/2017,5/29/17 11:35,5/29/17 11:47,5/29/17 11:41
323,B6.8,12659,5/29/2017,5/29/17 14:40,5/29/17 14:57,5/29/17 14:48
324,B1.7,12659,5/29/2017,5/29/17 16:55,5/29/17 17:00,5/29/17 16:58
325,B2.8,12659,5/29/2017,5/29/17 18:20,5/29/17 18:31,5/29/17 18:24
326,B2.9,12659,5/30/2017,5/30/17 4:01,5/30/17 4:15,5/30/17 4:07
327,B1.3,12659,5/30/2017,5/30/17 5:58,5/30/17 6:03,5/30/17 6:01
328,B4.3,12659,5/30/2017,5/30/17 18:39,5/30/17 18:47,5/30/17 18:44
329,B6.8,12659,5/30/2017,5/30/17 19:44,5/30/17 19:51,5/30/17 19:47
330,B6.3,12659,5/31/2017,5/31/17 2:11,5/31/17 2:19,5/31/17 2:16
331,B4.4,12661,5/31/2017,5/31/17 8:52,5/31/17 9:48,5/31/17 9:26
332,B6.4,12661,5/31/2017,5/31/17 11:33,5/31/17 11:46,5/31/17 11:40
333,B2.4,12661,5/31/2017,5/31/17 14:40,5/31/17 14:50,5/31/17 14:45
334,B3.0,12661,5/31/2017,5/31/17 15:51,5/31/17 16:12,5/31/17 15:56
335,B3.1,12661,5/31/2017,5/31/17 17:23,5/31/17 17:36,5/31/17 17:31
336,B4.1,12661,5/31/2017,5/31/17 17:48,5/31/17 17:56,5/31/17 17:54
337,B3.5,12661,5/31/2017,5/31/17 18:14,5/31/17 18:25,5/31/17 18:18
338,C1.3,12661,5/31/2017,5/31/17 18:41,5/31/17 18:57,5/31/17 18:48
339,C1.3,12661,5/31/2017,5/31/17 20:53,5/31/17 21:17,5/31/17 21:06
340,C2.0,12661,5/31/2017,5/31/17 23:06,5/31/17 23:23,5/31/17 23:15
341,C6.6,12661,6/1/2017,1/6/17 1:12,1/6/17 1:53,6/1/17 1:43
342,B7.8,12661,6/1/2017,1/6/17 4:48,1/6/17 6:01,6/1/17 5:38
343,C1.4,12661,6/1/2017,1/6/17 6:53,1/6/17 8:09,6/1/17 7:53
344,C2.5,12661,6/1/2017,1/6/17 9:22,1/6/17 9:29,6/1/17 9:25
345,C1.0,12661,6/1/2017,1/6/17 17:34,1/6/17 17:41,6/1/17 17:38
346,C1.4,12661,6/1/2017,1/6/17 17:56,1/6/17 18:33,6/1/17 18:09
347,C1.0,12661,6/1/2017,1/6/17 20:22,1/6/17 20:32,6/1/17 20:28
348,B8.5,12661,6/2/2017,2/6/17 1:29,2/6/17 1:36,6/2/17 1:33
349,C1.1,12661,6/2/2017,2/6/17 1:42,2/6/17 1:51,6/2/17 1:48
350,B5.9,12661,6/2/2017,2/6/17 2:58,2/6/17 3:08,6/2/17 3:03
351,B8.4,12661,6/2/2017,2/6/17 5:50,2/6/17 6:04,6/2/17 5:55
352,B4.6,12661,6/2/2017,2/6/17 9:47,2/6/17 9:56,6/2/17 9:53
353,B4.8,12661,6/2/2017,2/6/17 11:22,2/6/17 11:36,6/2/17 11:27
354,C1.2,12661,6/2/2017,2/6/17 12:15,2/6/17 12:29,6/2/17 12:23
355,B4.0,12661,6/2/2017,2/6/17 13:32,2/6/17 14:05,6/2/17 13:57
356,B8.1,12661,6/2/2017,2/6/17 14:43,2/6/17 15:01,6/2/17 14:52
357,B4.2,12661,6/2/2017,2/6/17 15:27,2/6/17 15:36,6/2/17 15:31
358,C8.0,12661,6/2/2017,2/6/17 17:50,2/6/17 18:01,6/2/17 17:57
359,B6.9,12661,6/2/2017,2/6/17 19:49,2/6/17 20:02,6/2/17 19:56
360,C2.1,12661,6/3/2017,3/6/17 9:37,3/6/17 10:05,6/3/17 9:57
361,C2.5,12661,6/3/2017,3/6/17 14:47,3/6/17 15:00,6/3/17 14:56
362,B3.0,12661,6/3/2017,3/6/17 17:52,3/6/17 18:01,6/3/17 17:57
363,C2.5,12661,6/3/2017,3/6/17 19:21,3/6/17 19:41,6/3/17 19:34
364,B1.6,12661,6/3/2017,3/6/17 21:40,3/6/17 21:46,6/3/17 21:43
365,B1.9,12661,6/3/2017,3/6/17 21:54,3/6/17 22:09,6/3/17 21:59
366,B6.4,12661,6/3/2017,3/6/17 23:44,3/6/17 23:58,6/3/17 23:51
367,B2.2,12661,6/4/2017,4/6/17 1:01,4/6/17 1:16,6/4/17 1:09
368,B4.3,12661,6/4/2017,4/6/17 2:45,4/6/17 2:54,6/4/17 2:49
369,B1.8,12661,6/4/2017,4/6/17 6:28,4/6/17 6:36,6/4/17 6:32
370,B1.1,12661,6/4/2017,4/6/17 7:16,4/6/17 7:30,6/4/17 7:20
371,B1.6,12661,6/4/2017,4/6/17 19:00,4/6/17 19:08,6/4/17 19:04
372,B1.1,12661,6/4/2017,4/6/17 21:02,4/6/17 21:09,6/4/17 21:05
373,C2.7,12661,6/5/2017,5/6/17 5:14,5/6/17 5:41,6/5/17 5:31
374,B8.1,12661,6/5/2017,5/6/17 7:02,5/6/17 7:27,6/5/17 7:15
375,B5.9,12661,6/5/2017,5/6/17 7:53,5/6/17 8:05,6/5/17 7:59
376,B5.8,12661,6/5/2017,5/6/17 16:00,5/6/17 16:15,6/5/17 16:10
377,B3.0,12661,6/5/2017,5/6/17 18:38,5/6/17 18:50,6/5/17 18:44
378,B9.4,12661,6/5/2017,5/6/17 19:14,5/6/17 19:26,6/5/17 19:22
379,B1.0,12661,6/6/2017,6/6/17 5:11,6/6/17 5:16,6/6/17 5:14
380,B1.6,12661,6/6/2017,6/6/17 9:27,6/6/17 9:34,6/6/17 9:31
381,B5.9,12661,6/6/2017,6/6/17 20:27,6/6/17 20:59,6/6/17 20:47
382,B1.6,12661,6/7/2017,7/6/17 12:14,7/6/17 12:34,6/7/17 12:18
383,B4.4,12661,6/7/2017,7/6/17 16:22,7/6/17 17:24,6/7/17 16:58
384,B2.9,12661,6/8/2017,8/6/17 3:38,8/6/17 4:09,6/8/17 3:50
385,B4.1,12661,6/9/2017,9/6/17 11:52,9/6/17 13:19,6/9/17 12:53
386,B1.7,12661,6/10/2017,10/6/17 10:18,10/6/17 10:29,6/10/17 10:23
387,B1.5,12661,6/11/2017,11/6/17 1:07,11/6/17 2:23,6/11/17 1:44
388,B3.8,12661,6/13/2017,6/13/17 18:45,6/13/17 20:22,6/13/17 19:40
389,B1.6,12663,6/15/2017,6/15/17 5:15,6/15/17 5:20,6/15/17 5:18
390,B1.4,12663,6/15/2017,6/15/17 6:26,6/15/17 6:31,6/15/17 6:29
391,B1.8,12663,6/15/2017,6/15/17 7:30,6/15/17 7:35,6/15/17 7:33
392,B2.1,12663,6/15/2017,6/15/17 9:03,6/15/17 9:08,6/15/17 9:06
393,B2.9,12663,6/15/2017,6/15/17 16:57,6/15/17 17:06,6/15/17 17:00
394,B1.4,12663,6/17/2017,6/17/17 2:51,6/17/17 3:01,6/17/17 2:57
395,B2.5,12663,6/18/2017,6/18/17 9:10,6/18/17 9:32,6/18/17 9:21
396,B1.4,12663,6/18/2017,6/18/17 12:35,6/18/17 12:59,6/18/17 12:40
397,B2.9,12663,6/18/2017,6/18/17 13:33,6/18/17 13:54,6/18/17 13:44
398,B2.1,12663,6/18/2017,6/18/17 21:30,6/18/17 21:48,6/18/17 21:40
399,B3.0,12663,6/19/2017,6/19/17 4:24,6/19/17 4:36,6/19/17 4:29
400,B1.0,12663,6/19/2017,6/19/17 13:03,6/19/17 13:09,6/19/17 13:06
401,B5.0,12663,6/19/2017,6/19/17 15:58,6/19/17 16:09,6/19/17 16:05
402,B1.4,12663,6/20/2017,6/20/17 5:32,6/20/17 5:50,6/20/17 5:40
403,B1.5,12664,6/22/2017,6/22/17 0:36,6/22/17 1:02,6/22/17 0:49
404,B1.3,12664,6/26/2017,6/26/17 7:23,6/26/17 7:33,6/26/17 7:28
405,B1.2,12664,6/27/2017,6/27/17 7:29,6/27/17 7:41,6/27/17 7:35
406,B1.2,12664,6/27/2017,6/27/17 20:49,6/27/17 20:56,6/27/17 20:53
407,B2.6,12664,6/27/2017,6/27/17 21:09,6/27/17 21:19,6/27/17 21:15
408,B3.1,12664,7/2/2017,2/7/17 12:23,2/7/17 12:59,7/2/17 12:39
409,B3.5,12664,7/3/2017,3/7/17 6:17,3/7/17 6:25,7/3/17 6:21
410,B8.0,12664,7/3/2017,3/7/17 6:33,3/7/17 6:39,7/3/17 6:37
411,B1.9,12664,7/3/2017,3/7/17 7:06,3/7/17 7:12,7/3/17 7:10
412,B1.3,12664,7/3/2017,3/7/17 7:28,3/7/17 7:34,7/3/17 7:31
413,B2.4,12664,7/3/2017,3/7/17 8:47,3/7/17 9:08,7/3/17 9:00
414,B2.2,12664,7/3/2017,3/7/17 9:43,3/7/17 10:04,7/3/17 9:50
415,B2.7,12664,7/3/2017,3/7/17 10:31,3/7/17 11:03,7/3/17 10:51
416,B2.6,12664,7/3/2017,3/7/17 11:21,3/7/17 11:29,7/3/17 11:25
417,B2.4,12665,7/5/2017,5/7/17 22:51,5/7/17 22:57,7/5/17 22:55
418,B1.0,12665,7/6/2017,6/7/17 14:28,6/7/17 14:34,7/6/17 14:31
419,B1.7,12665,7/6/2017,6/7/17 17:26,6/7/17 17:40,7/6/17 17:32
420,B2.6,12665,7/7/2017,7/7/17 1:22,7/7/17 1:52,7/7/17 1:40
421,B8.5,12665,7/7/2017,7/7/17 1:58,7/7/17 2:32,7/7/17 2:21
422,B9.2,12665,7/7/2017,7/7/17 3:54,7/7/17 4:09,7/7/17 4:03
423,B2.1,12665,7/7/2017,7/7/17 7:46,7/7/17 7:53,7/7/17 7:50
424,B2.5,12665,7/7/2017,7/7/17 10:40,7/7/17 10:52,7/7/17 10:49
425,B3.6,12665,7/7/2017,7/7/17 11:26,7/7/17 11:38,7/7/17 11:33
426,B5.7,12665,7/7/2017,7/7/17 12:46,7/7/17 12:58,7/7/17 12:55
427,C1.0,12665,7/7/2017,7/7/17 13:37,7/7/17 13:53,7/7/17 13:49
428,B8.1,12665,7/7/2017,7/7/17 15:07,7/7/17 15:15,7/7/17 15:11
429,B2.1,12665,7/7/2017,7/7/17 20:00,7/7/17 20:09,7/7/17 20:04
430,B3.9,12665,7/8/2017,8/7/17 5:06,8/7/17 5:11,7/8/17 5:09
431,B6.8,12665,7/8/2017,8/7/17 5:38,8/7/17 6:31,7/8/17 6:23
432,B5.2,12665,7/8/2017,8/7/17 7:57,8/7/17 8:10,7/8/17 8:04
433,B6.5,12665,7/8/2017,8/7/17 10:45,8/7/17 11:19,7/8/17 11:05
434,B5.1,12665,7/8/2017,8/7/17 13:46,8/7/17 13:55,7/8/17 13:51
435,B3.4,12665,7/8/2017,8/7/17 16:34,8/7/17 17:02,7/8/17 16:41
436,B2.6,12665,7/8/2017,8/7/17 18:32,8/7/17 19:13,7/8/17 18:51
437,B6.0,12665,7/8/2017,8/7/17 21:18,8/7/17 21:27,7/8/17 21:24
438,B5.8,12665,7/8/2017,8/7/17 22:23,8/7/17 22:29,7/8/17 22:26
439,B4.5,12665,7/8/2017,8/7/17 23:07,8/7/17 23:12,7/8/17 23:10
440,C3.4,12665,7/8/2017,8/7/17 23:50,8/7/17 23:57,7/8/17 23:53
441,B6.6,12665,7/9/2017,9/7/17 1:20,9/7/17 1:29,7/9/17 1:27
442,B3.4,12665,7/9/2017,9/7/17 2:22,9/7/17 2:30,7/9/17 2:27
443,B7.5,12665,7/9/2017,9/7/17 3:02,9/7/17 3:08,7/9/17 3:06
444,M1.3,12665,7/9/2017,9/7/17 3:09,9/7/17 3:37,7/9/17 3:18
445,C1.6,12665,7/9/2017,9/7/17 6:15,9/7/17 6:40,7/9/17 6:30
446,C1.2,12665,7/9/2017,9/7/17 7:28,9/7/17 7:49,7/9/17 7:33
447,C4.0,12665,7/9/2017,9/7/17 8:55,9/7/17 9:17,7/9/17 9:12
448,B9.8,12665,7/9/2017,9/7/17 10:20,9/7/17 10:49,7/9/17 10:40
449,C5.3,12665,7/9/2017,9/7/17 11:44,9/7/17 12:28,7/9/17 12:12
450,B4.4,12665,7/9/2017,9/7/17 14:05,9/7/17 14:12,7/9/17 14:09
451,B8.7,12665,7/9/2017,9/7/17 14:35,9/7/17 14:49,7/9/17 14:42
452,B4.5,12665,7/9/2017,9/7/17 15:19,9/7/17 15:32,7/9/17 15:27
453,B4.6,12665,7/9/2017,9/7/17 15:39,9/7/17 15:48,7/9/17 15:44
454,B3.3,12665,7/9/2017,9/7/17 16:20,9/7/17 16:32,7/9/17 16:26
455,B5.0,12665,7/9/2017,9/7/17 17:10,9/7/17 17:44,7/9/17 17:38
456,B6.6,12665,7/9/2017,9/7/17 18:29,9/7/17 18:49,7/9/17 18:47
457,B2.4,12665,7/9/2017,9/7/17 19:30,9/7/17 19:38,7/9/17 19:33
458,B5.2,12665,7/9/2017,9/7/17 20:08,9/7/17 20:15,7/9/17 20:12
459,B9.0,12665,7/9/2017,9/7/17 21:33,9/7/17 22:01,7/9/17 21:54
460,B7.0,12665,7/9/2017,9/7/17 22:06,9/7/17 22:15,7/9/17 22:11
461,B3.6,12665,7/9/2017,9/7/17 23:25,9/7/17 23:37,7/9/17 23:33
462,C1.5,12665,7/10/2017,10/7/17 0:00,10/7/17 0:38,7/10/17 0:31
463,B3.8,12665,7/10/2017,10/7/17 7:52,10/7/17 7:59,7/10/17 7:55
464,B3.2,12655,7/11/2017,11/7/17 1:09,11/7/17 1:17,7/11/17 1:13
465,B4.9,12665,7/11/2017,11/7/17 1:58,11/7/17 2:07,7/11/17 2:05
466,B2.1,12665,7/11/2017,11/7/17 4:32,11/7/17 4:39,7/11/17 4:35
467,B8.5,12665,7/11/2017,11/7/17 12:57,11/7/17 13:10,7/11/17 13:04
468,B9.4,12665,7/11/2017,11/7/17 18:23,11/7/17 18:31,7/11/17 18:27
469,C1.2,12665,7/11/2017,11/7/17 20:18,11/7/17 20:35,7/11/17 20:31
470,B5.5,12665,7/13/2017,7/13/17 4:49,7/13/17 5:41,7/13/17 5:12
471,B3.4,12665,7/13/2017,7/13/17 16:41,7/13/17 16:50,7/13/17 16:44
472,B4.8,12665,7/13/2017,7/13/17 17:38,7/13/17 17:50,7/13/17 17:43
473,B6.1,12665,7/13/2017,7/13/17 17:50,7/13/17 18:02,7/13/17 17:55
474,B5.8,12667,7/13/2017,7/13/17 19:32,7/13/17 19:49,7/13/17 19:40
475,C8.4,12667,7/13/2017,7/13/17 20:01,7/13/17 20:11,7/13/17 20:05
476,B5.7,12667,7/13/2017,7/13/17 20:44,7/13/17 20:52,7/13/17 20:48
477,C2.0,12667,7/13/2017,7/13/17 21:27,7/13/17 21:33,7/13/17 21:31
478,C5.9,12667,7/13/2017,7/13/17 21:46,7/13/17 21:58,7/13/17 21:55
479,C3.0,12667,7/13/2017,7/13/17 23:30,7/13/17 23:44,7/13/17 23:40
480,C1.4,12665,7/14/2017,7/14/17 0:12,7/14/17 1:00,7/14/17 0:50
481,C1.4,12665,7/14/2017,7/14/17 19:18,7/14/17 19:44,7/14/17 19:25
482,C1.7,12665,7/15/2017,7/15/17 0:20,7/15/17 0:38,7/15/17 0:28
483,B2.7,12665,7/15/2017,7/15/17 2:22,7/15/17 2:32,7/15/17 2:26
484,B4.1,12665,7/15/2017,7/15/17 2:35,7/15/17 2:42,7/15/17 2:38
485,C1.0,12665,7/15/2017,7/15/17 3:46,7/15/17 4:01,7/15/17 3:55
486,B8.5,12665,7/15/2017,7/15/17 4:06,7/15/17 4:18,7/15/17 4:10
487,B3.4,12665,7/15/2017,7/15/17 7:39,7/15/17 7:46,7/15/17 7:43
488,B3.0,12665,7/15/2017,7/15/17 9:01,7/15/17 9:20,7/15/17 9:16
489,C1.4,12665,7/15/2017,7/15/17 10:50,7/15/17 10:55,7/15/17 10:53
490,B4.4,12665,7/15/2017,7/15/17 15:39,7/15/17 15:44,7/15/17 15:42
491,C1.1,12665,7/15/2017,7/15/17 16:22,7/15/17 16:39,7/15/17 16:34
492,C5.8,12665,7/15/2017,7/15/17 19:26,7/15/17 19:44,7/15/17 19:36
493,C3.1,12665,7/16/2017,7/16/17 1:58,7/16/17 2:57,7/16/17 2:35
494,B7.6,12665,7/16/2017,7/16/17 5:44,7/16/17 5:49,7/16/17 5:47
495,C1.1,12665,7/16/2017,7/16/17 7:23,7/16/17 7:28,7/16/17 7:26
496,B6.1,12655,7/16/2017,7/16/17 10:25,7/16/17 10:32,7/16/17 10:30
497,C1.3,12665,7/16/2017,7/16/17 10:32,7/16/17 10:37,7/16/17 10:35
498,C1.5,12665,7/16/2017,7/16/17 10:53,7/16/17 10:59,7/16/17 10:57
499,B8.7,12665,7/16/2017,7/16/17 12:13,7/16/17 12:19,7/16/17 12:17
500,B8.3,12665,7/16/2017,7/16/17 12:33,7/16/17 12:39,7/16/17 12:37
501,C1.2,12665,7/16/2017,7/16/17 17:54,7/16/17 18:10,7/16/17 18:04
502,B4.7,12665,7/16/2017,7/16/17 20:48,7/16/17 20:59,7/16/17 20:51
503,B5.5,12665,7/16/2017,7/16/17 21:28,7/16/17 21:36,7/16/17 21:32
504,B4.6,12665,7/16/2017,7/16/17 22:32,7/16/17 22:39,7/16/17 22:35
505,B5.8,12665,7/16/2017,7/16/17 23:19,7/16/17 23:28,7/16/17 23:24
506,B6.3,12665,7/17/2017,7/17/17 0:57,7/17/17 1:08,7/17/17 1:04
507,B3.3,12665,7/17/2017,7/17/17 2:23,7/17/17 2:32,7/17/17 2:28
508,C2.3,12665,7/17/2017,7/17/17 3:24,7/17/17 3:31,7/17/17 3:28
509,B3.2,12665,7/17/2017,7/17/17 4:03,7/17/17 4:09,7/17/17 4:07
510,B4.9,12665,7/17/2017,7/17/17 5:28,7/17/17 5:36,7/17/17 5:32
511,B7.3,12665,7/18/2017,7/18/17 0:06,7/18/17 0:14,7/18/17 0:11
512,C2.1,12665,7/18/2017,7/18/17 0:31,7/18/17 0:48,7/18/17 0:40
513,B5.6,12665,7/18/2017,7/18/17 4:31,7/18/17 4:41,7/18/17 4:35
514,B5.0,12665,7/18/2017,7/18/17 5:00,7/18/17 5:07,7/18/17 5:04
515,B8.7,12665,7/18/2017,7/18/17 5:11,7/18/17 5:17,7/18/17 5:15
516,C1.3,12665,7/18/2017,7/18/17 5:32,7/18/17 5:49,7/18/17 5:44
517,C1.3,12665,7/18/2017,7/18/17 6:21,7/18/17 6:50,7/18/17 6:33
518,C1.7,12665,7/18/2017,7/18/17 8:20,7/18/17 8:34,7/18/17 8:29
519,C1.1,12665,7/18/2017,7/18/17 22:11,7/18/17 22:46,7/18/17 22:34
520,C2.8,12665,7/18/2017,7/18/17 23:54,7/19/17 0:18,7/19/17 0:07
521,B2.3,12670,8/2/2017,2/8/17 0:02,2/8/17 0:18,8/2/17 0:11
522,B1.1,12670,8/2/2017,2/8/17 19:26,2/8/17 19:37,8/2/17 19:32
523,B1.5,12670,8/2/2017,2/8/17 21:37,2/8/17 21:48,8/2/17 21:44
524,B2.4,12670,8/3/2017,3/8/17 0:19,3/8/17 0:26,8/3/17 0:23
525,B2.3,12670,8/3/2017,3/8/17 18:17,3/8/17 18:33,8/3/17 18:26
526,B1.6,12670,8/3/2017,3/8/17 18:55,3/8/17 19:23,8/3/17 19:04
527,B1.4,12670,8/5/2017,5/8/17 17:43,5/8/17 17:53,8/5/17 17:50
528,B1.3,12670,8/5/2017,5/8/17 23:00,5/8/17 23:09,8/5/17 23:05
529,B1.5,12670,8/6/2017,6/8/17 2:22,6/8/17 2:31,8/6/17 2:26
530,B1.3,12670,8/6/2017,6/8/17 9:52,6/8/17 9:59,8/6/17 9:56
531,C1.1,12671,8/14/2017,8/14/17 16:20,8/14/17 16:27,8/14/17 16:24
532,B4.1,12671,8/14/2017,8/14/17 19:00,8/14/17 19:09,8/14/17 19:05
533,C1.2,12671,8/14/2017,8/14/17 20:56,8/14/17 21:09,8/14/17 21:04
534,B7.4,12671,8/14/2017,8/14/17 21:23,8/14/17 21:30,8/14/17 21:27
535,C2.3,12671,8/14/2017,8/14/17 21:46,8/14/17 22:17,8/14/17 22:10
536,C1.0,12671,8/15/2017,8/15/17 2:08,8/15/17 2:17,8/15/17 2:15
537,B8.7,12671,8/15/2017,8/15/17 4:24,8/15/17 4:33,8/15/17 4:31
538,B7.1,12671,8/15/2017,8/15/17 5:00,8/15/17 5:09,8/15/17 5:07
539,B2.5,12671,8/15/2017,8/15/17 7:51,8/15/17 7:59,8/15/17 7:55
540,B4.1,12671,8/15/2017,8/15/17 9:58,8/15/17 10:12,8/15/17 10:05
541,B3.2,12671,8/15/2017,8/15/17 10:45,8/15/17 10:58,8/15/17 10:51
542,B3.4,12671,8/15/2017,8/15/17 11:06,8/15/17 11:14,8/15/17 11:11
543,B5.7,12671,8/15/2017,8/15/17 11:20,8/15/17 11:30,8/15/17 11:26
544,B8.5,12671,8/15/2017,8/15/17 11:45,8/15/17 11:51,8/15/17 11:49
545,B8.3,12671,8/15/2017,8/15/17 16:11,8/15/17 16:17,8/15/17 16:15
546,B3.0,12671,8/15/2017,8/15/17 18:15,8/15/17 18:20,8/15/17 18:18
547,B2.8,12671,8/16/2017,8/16/17 1:33,8/16/17 1:43,8/16/17 1:39
548,B3.7,12671,8/16/2017,8/16/17 1:57,8/16/17 2:20,8/16/17 2:08
549,B2.4,12671,8/16/2017,8/16/17 6:27,8/16/17 6:35,8/16/17 6:32
550,B5.2,12671,8/16/2017,8/16/17 8:29,8/16/17 8:40,8/16/17 8:38
551,B3.6,12671,8/16/2017,8/16/17 10:11,8/16/17 10:21,8/16/17 10:15
552,B3.5,12671,8/16/2017,8/16/17 11:33,8/16/17 11:45,8/16/17 11:38
553,B1.9,12671,8/16/2017,8/16/17 23:59,8/17/17 0:08,8/17/17 0:03
554,B2.0,12671,8/17/2017,8/17/17 0:31,8/17/17 0:41,8/17/17 0:35
555,B2.5,12671,8/17/2017,8/17/17 0:57,8/17/17 1:05,8/17/17 1:02
556,B6.8,12671,8/17/2017,8/17/17 2:30,8/17/17 2:39,8/17/17 2:36
557,B1.6,12671,8/17/2017,8/17/17 6:16,8/17/17 6:21,8/17/17 6:19
558,B2.9,12671,8/17/2017,8/17/17 11:27,8/17/17 11:46,8/17/17 11:40
559,B1.8,12671,8/18/2017,8/18/17 0:42,8/18/17 1:07,8/18/17 0:59
560,B2.4,12671,8/18/2017,8/18/17 2:30,8/18/17 2:46,8/18/17 2:37
561,B2.2,12671,8/18/2017,8/18/17 5:38,8/18/17 5:48,8/18/17 5:44
562,B9.5,12671,8/18/2017,8/18/17 8:49,8/18/17 8:54,8/18/17 8:52
563,B3.0,12671,8/18/2017,8/18/17 12:56,8/18/17 13:04,8/18/17 13:00
564,B8.1,12671,8/18/2017,8/18/17 13:44,8/18/17 14:02,8/18/17 13:51
565,C4.4,12672,8/18/2017,8/18/17 19:49,8/18/17 20:33,8/18/17 20:02
566,C2.9,12671,8/18/2017,8/18/17 21:01,8/18/17 21:10,8/18/17 21:04
567,C3.5,12672,8/19/2017,8/19/17 1:28,8/19/17 1:50,8/19/17 1:37
568,C3.1,12672,8/19/2017,8/19/17 4:10,8/19/17 5:15,8/19/17 4:51
569,C1.1,12671,8/19/2017,8/19/17 8:59,8/19/17 9:12,8/19/17 9:06
570,C1.7,12672,8/19/2017,8/19/17 10:55,8/19/17 11:13,8/19/17 11:05
571,C1.0,12671,8/19/2017,8/19/17 12:04,8/19/17 12:46,8/19/17 12:18
572,B7.2,12672,8/19/2017,8/19/17 14:40,8/19/17 14:48,8/19/17 14:45
573,C2.0,12672,8/19/2017,8/19/17 14:48,8/19/17 15:01,8/19/17 14:57
574,C1.4,12672,8/19/2017,8/19/17 15:41,8/19/17 15:54,8/19/17 15:47
575,B9.9,12671,8/19/2017,8/19/17 17:10,8/19/17 18:29,8/19/17 18:13
576,C1.3,12672,8/19/2017,8/19/17 19:48,8/19/17 19:57,8/19/17 19:52
577,C7.0,12671,8/19/2017,8/19/17 20:54,8/19/17 22:05,8/19/17 21:55
578,M1.1,12672,8/20/2017,8/20/17 1:36,8/20/17 2:03,8/20/17 1:52
579,C1.8,12671,8/20/2017,8/20/17 4:22,8/20/17 4:53,8/20/17 4:40
580,B6.6,12672,8/20/2017,8/20/17 6:23,8/20/17 6:31,8/20/17 6:27
581,C2.9,12671,8/20/2017,8/20/17 7:45,8/20/17 7:54,8/20/17 7:50
582,B6.1,12671,8/20/2017,8/20/17 12:16,8/20/17 12:26,8/20/17 12:21
583,C1.0,12672,8/20/2017,8/20/17 14:40,8/20/17 14:52,8/20/17 14:45
584,C9.4,12672,8/20/2017,8/20/17 19:20,8/20/17 19:49,8/20/17 19:39
585,B4.9,12671,8/21/2017,8/21/17 0:50,8/21/17 1:07,8/21/17 1:02
586,B7.3,12672,8/21/2017,8/21/17 2:29,8/21/17 2:42,8/21/17 2:34
587,C5.9,12672,8/21/2017,8/21/17 3:05,8/21/17 3:30,8/21/17 3:16
588,B5.0,12671,8/21/2017,8/21/17 5:59,8/21/17 6:18,8/21/17 6:10
589,B9.3,12671,8/21/2017,8/21/17 7:22,8/21/17 7:46,8/21/17 7:40
590,B3.4,12671,8/21/2017,8/21/17 9:48,8/21/17 9:54,8/21/17 9:51
591,B8.6,12671,8/21/2017,8/21/17 10:31,8/21/17 11:38,8/21/17 11:03
592,C1.5,12671,8/21/2017,8/21/17 20:12,8/21/17 20:26,8/21/17 20:22
593,C1.5,12671,8/21/2017,8/21/17 21:47,8/21/17 22:58,8/21/17 22:38
594,B6.2,12671,8/22/2017,8/22/17 4:15,8/22/17 4:24,8/22/17 4:20
595,B6.3,12671,8/22/2017,8/22/17 7:02,8/22/17 7:11,8/22/17 7:08
596,C1.0,12671,8/22/2017,8/22/17 11:09,8/22/17 11:16,8/22/17 11:13
597,B6.7,12672,8/22/2017,8/22/17 14:30,8/22/17 14:45,8/22/17 14:38
598,B6.6,12671,8/22/2017,8/22/17 15:11,8/22/17 15:25,8/22/17 15:17
599,B5.6,12671,8/22/2017,8/22/17 16:05,8/22/17 16:11,8/22/17 16:08
600,C1.9,12671,8/22/2017,8/22/17 17:42,8/22/17 17:53,8/22/17 17:50
601,C1.9,12671,8/22/2017,8/22/17 19:32,8/22/17 19:43,8/22/17 19:37
602,B1.9,12672,8/22/2017,8/22/17 23:17,8/22/17 23:22,8/22/17 23:20
603,B4.0,12671,8/22/2017,8/22/17 23:23,8/22/17 23:32,8/22/17 23:28
604,B3.0,12672,8/23/2017,8/23/17 0:25,8/23/17 0:49,8/23/17 0:45
605,C1.6,12671,8/23/2017,8/23/17 6:24,8/23/17 6:57,8/23/17 6:47
606,C2.2,12672,8/23/2017,8/23/17 13:24,8/23/17 13:55,8/23/17 13:43
607,C1.9,12671,8/23/2017,8/23/17 17:43,8/23/17 18:22,8/23/17 17:56
608,C1.2,12672,8/23/2017,8/23/17 19:10,8/23/17 19:41,8/23/17 19:31
609,B8.1,12672,8/24/2017,8/24/17 0:06,8/24/17 0:18,8/24/17 0:14
610,C3.0,12671,8/24/2017,8/24/17 0:30,8/24/17 0:45,8/24/17 0:37
611,C1.6,12671,8/24/2017,8/24/17 1:19,8/24/17 1:44,8/24/17 1:26
612,B8.4,12671,8/24/2017,8/24/17 15:47,8/24/17 16:07,8/24/17 15:58
613,B2.1,12671,8/24/2017,8/24/17 21:11,8/24/17 21:19,8/24/17 21:15
614,B1.9,12672,8/24/2017,8/24/17 22:49,8/24/17 22:58,8/24/17 22:53
615,B3.0,12671,8/25/2017,8/25/17 0:07,8/25/17 0:21,8/25/17 0:12
616,B4.6,12671,8/25/2017,8/25/17 2:07,8/25/17 2:25,8/25/17 2:14
617,B5.3,12672,8/25/2017,8/25/17 3:08,8/25/17 3:15,8/25/17 3:12
618,B3.4,12672,8/25/2017,8/25/17 5:55,8/25/17 6:06,8/25/17 6:00
619,C5.5,12672,8/25/2017,8/25/17 7:15,8/25/17 7:46,8/25/17 7:27
620,B1.9,12672,8/25/2017,8/25/17 10:02,8/25/17 10:08,8/25/17 10:05
621,B3.8,12672,8/25/2017,8/25/17 12:10,8/25/17 12:30,8/25/17 12:18
622,B2.7,12672,8/25/2017,8/25/17 21:46,8/25/17 21:57,8/25/17 21:49
623,B2.9,12672,8/26/2017,8/26/17 1:06,8/26/17 1:17,8/26/17 1:11
624,B3.7,12671,8/26/2017,8/26/17 2:08,8/26/17 2:31,8/26/17 2:15
625,B3.4,12672,8/26/2017,8/26/17 2:58,8/26/17 3:05,8/26/17 3:01
626,B1.4,12671,8/26/2017,8/26/17 8:39,8/26/17 8:45,8/26/17 8:43
627,B2.0,12671,8/26/2017,8/26/17 13:34,8/26/17 13:50,8/26/17 13:38
628,B3.5,12671,8/26/2017,8/26/17 18:54,8/26/17 19:09,8/26/17 19:03
629,B5.4,12672,8/26/2017,8/26/17 20:17,8/26/17 21:27,8/26/17 21:00
630,B1.6,12672,8/27/2017,8/27/17 0:11,8/27/17 0:38,8/27/17 0:29
631,B3.0,12671,8/27/2017,8/27/17 1:13,8/27/17 1:20,8/27/17 1:18
632,B4.3,12671,8/27/2017,8/27/17 6:02,8/27/17 6:12,8/27/17 6:07
633,B1.7,12671,8/27/2017,8/27/17 7:32,8/27/17 7:46,8/27/17 7:37
634,B2.0,12672,8/27/2017,8/27/17 9:25,8/27/17 9:34,8/27/17 9:29
635,B1.4,12672,8/27/2017,8/27/17 11:11,8/27/17 11:18,8/27/17 11:14
636,C6.3,12671,8/27/2017,8/27/17 15:11,8/27/17 15:19,8/27/17 15:16
637,B3.5,12671,8/27/2017,8/27/17 17:46,8/27/17 18:30,8/27/17 18:11
638,B1.6,12672,8/28/2017,8/28/17 0:53,8/28/17 1:03,8/28/17 0:56
639,B2.7,12672,8/28/2017,8/28/17 6:12,8/28/17 6:20,8/28/17 6:16
640,B5.5,12672,8/28/2017,8/28/17 14:41,8/28/17 15:06,8/28/17 14:59
641,B9.4,12672,8/28/2017,8/28/17 15:33,8/28/17 15:58,8/28/17 15:40
642,C2.8,12674,8/29/2017,8/29/17 2:55,8/29/17 3:07,8/29/17 3:00
643,B9.0,12674,8/29/2017,8/29/17 4:27,8/29/17 4:54,8/29/17 4:30
644,C1.0,12674,8/29/2017,8/29/17 6:16,8/29/17 6:29,8/29/17 6:21
645,B4.2,12674,8/29/2017,8/29/17 10:20,8/29/17 10:31,8/29/17 10:26
646,B4.1,12674,8/29/2017,8/29/17 10:58,8/29/17 11:17,8/29/17 11:02
647,B3.9,12674,8/29/2017,8/29/17 12:38,8/29/17 12:56,8/29/17 12:46
648,B3.6,12674,8/29/2017,8/29/17 13:56,8/29/17 14:01,8/29/17 13:59
649,B6.4,12674,8/29/2017,8/29/17 16:23,8/29/17 16:32,8/29/17 16:27
650,B5.2,12674,8/29/2017,8/29/17 19:16,8/29/17 19:28,8/29/17 19:21
651,C1.3,12674,8/29/2017,8/29/17 22:14,8/29/17 22:23,8/29/17 22:18
652,B5.5,12674,8/30/2017,8/30/17 4:51,8/30/17 5:15,8/30/17 5:09
653,C1.3,12674,8/30/2017,8/30/17 8:31,8/30/17 8:37,8/30/17 8:35
654,B7.3,12674,8/30/2017,8/30/17 12:54,8/30/17 13:32,8/30/17 13:18
655,B5.4,12672,8/30/2017,8/30/17 16:07,8/30/17 16:57,8/30/17 16:36
656,B3.6,12674,8/30/2017,8/30/17 17:40,8/30/17 17:50,8/30/17 17:44
657,C5.2,12674,8/30/2017,8/30/17 18:38,8/30/17 18:50,8/30/17 18:45
658,C1.3,12674,8/30/2017,8/30/17 22:20,8/30/17 23:19,8/30/17 23:11
659,B2.5,12672,8/31/2017,8/31/17 2:37,8/31/17 2:42,8/31/17 2:40
660,B7.9,12672,8/31/2017,8/31/17 8:21,8/31/17 8:27,8/31/17 8:24
661,B3.1,12672,8/31/2017,8/31/17 14:39,8/31/17 14:44,8/31/17 14:42
662,B2.3,12672,8/31/2017,8/31/17 16:40,8/31/17 16:47,8/31/17 16:44
663,B3.1,12674,8/31/2017,8/31/17 19:45,8/31/17 20:14,8/31/17 19:55
664,B4.9,12674,9/1/2017,1/9/17 1:26,1/9/17 1:32,9/1/17 1:29
665,B3.4,12674,9/1/2017,1/9/17 2:07,1/9/17 2:24,9/1/17 2:12
666,B4.6,12674,9/1/2017,1/9/17 6:30,1/9/17 6:48,9/1/17 6:37
667,B7.1,12674,9/1/2017,1/9/17 9:37,1/9/17 9:52,9/1/17 9:43
668,B3.7,12674,9/1/2017,1/9/17 10:25,1/9/17 10:30,9/1/17 10:28
669,B4.8,12674,9/1/2017,1/9/17 15:04,1/9/17 15:09,9/1/17 15:07
670,B5.1,12674,9/1/2017,1/9/17 15:10,1/9/17 15:15,9/1/17 15:13
671,C2.0,12674,9/1/2017,1/9/17 15:31,1/9/17 15:41,9/1/17 15:37
672,C1.2,12674,9/1/2017,1/9/17 17:08,1/9/17 17:19,9/1/17 17:14
673,B8.0,12674,9/1/2017,1/9/17 17:32,1/9/17 17:38,9/1/17 17:35
674,B5.4,12674,9/1/2017,1/9/17 20:58,1/9/17 21:06,9/1/17 21:02
675,B4.6,12674,9/1/2017,1/9/17 21:57,1/9/17 22:09,9/1/17 22:00
676,C1.4,12674,9/1/2017,1/9/17 23:44,1/9/17 23:59,9/1/17 23:51
677,B7.9,12674,9/2/2017,2/9/17 0:25,2/9/17 0:32,9/2/17 0:28
678,C1.1,12674,9/2/2017,2/9/17 2:22,2/9/17 2:35,9/2/17 2:30
679,C1.0,12674,9/2/2017,2/9/17 3:02,2/9/17 3:26,9/2/17 3:06
680,B6.2,12674,9/2/2017,2/9/17 4:03,2/9/17 4:10,9/2/17 4:07
681,B4.1,12674,9/2/2017,2/9/17 5:16,2/9/17 5:21,9/2/17 5:19
682,B4.3,12674,9/2/2017,2/9/17 10:11,2/9/17 10:17,9/2/17 10:15
683,B4.2,12674,9/2/2017,2/9/17 10:31,2/9/17 10:39,9/2/17 10:35
684,B8.5,12674,9/2/2017,2/9/17 11:48,2/9/17 12:32,9/2/17 12:05
685,B5.7,12672,9/2/2017,2/9/17 13:03,2/9/17 13:09,9/2/17 13:07
686,C7.7,12672,9/2/2017,2/9/17 15:26,2/9/17 15:56,9/2/17 15:41
687,C1.5,12672,9/2/2017,2/9/17 21:56,2/9/17 22:33,9/2/17 22:03
688,C1.0,12674,9/3/2017,3/9/17 4:18,3/9/17 4:54,9/3/17 4:41
689,B7.5,12672,9/3/2017,3/9/17 8:39,3/9/17 9:48,9/3/17 9:26
690,B5.9,12674,9/3/2017,3/9/17 10:19,3/9/17 10:34,9/3/17 10:22
691,C1.1,12673,9/3/2017,3/9/17 20:45,3/9/17 20:55,9/3/17 20:50
692,C1.1,12674,9/4/2017,4/9/17 2:18,4/9/17 2:29,9/4/17 2:22
693,C1.2,12673,9/4/2017,4/9/17 3:33,4/9/17 3:42,9/4/17 3:38
694,C1.8,12673,9/4/2017,4/9/17 4:05,4/9/17 4:17,9/4/17 4:11
695,M1.2,12673,9/4/2017,4/9/17 5:36,4/9/17 6:05,9/4/17 5:49
696,C2.9,12673,9/4/2017,4/9/17 8:08,4/9/17 8:24,9/4/17 8:19
697,C2.4,12673,9/4/2017,4/9/17 11:33,4/9/17 11:42,9/4/17 11:38
698,C8.3,12673,9/4/2017,4/9/17 12:12,4/9/17 12:33,9/4/17 12:25
699,M1.5,12673,9/4/2017,4/9/17 15:11,4/9/17 15:33,9/4/17 15:30
700,C4.1,12673,9/4/2017,4/9/17 16:29,4/9/17 16:50,9/4/17 16:46
701,C6.0,12673,9/4/2017,4/9/17 17:20,4/9/17 17:48,9/4/17 17:39
702,M1.0,12673,9/4/2017,4/9/17 18:05,4/9/17 18:31,9/4/17 18:22
703,M1.7,12673,9/4/2017,4/9/17 18:46,4/9/17 19:52,9/4/17 19:37
704,M1.5,12673,9/4/2017,4/9/17 19:59,4/9/17 20:06,9/4/17 20:02
705,M5.5,12673,9/4/2017,4/9/17 20:28,4/9/17 20:37,9/4/17 20:33
706,M2.1,12673,9/4/2017,4/9/17 22:10,4/9/17 22:19,9/4/17 22:14
707,C9.8,12673,9/5/2017,5/9/17 0:30,5/9/17 0:41,9/5/17 0:35
708,M4.2,12673,9/5/2017,5/9/17 1:03,5/9/17 1:11,9/5/17 1:08
709,M1.0,12673,9/5/2017,5/9/17 3:42,5/9/17 4:04,9/5/17 3:51
710,M3.2,12673,9/5/2017,5/9/17 4:33,5/9/17 5:07,9/5/17 4:53
711,M3.8,12673,9/5/2017,5/9/17 6:33,5/9/17 6:43,9/5/17 6:40
712,C5.4,12673,9/5/2017,5/9/17 10:13,5/9/17 10:25,9/5/17 10:19
713,C2.2,12673,9/5/2017,5/9/17 12:30,5/9/17 12:39,9/5/17 12:34
714,C6.9,12673,9/5/2017,5/9/17 13:26,5/9/17 13:51,9/5/17 13:34
715,C3.7,12673,9/5/2017,5/9/17 16:14,5/9/17 16:22,9/5/17 16:19
716,C4.6,12673,9/5/2017,5/9/17 17:11,5/9/17 17:19,9/5/17 17:15
717,M2.3,12673,9/5/2017,5/9/17 17:37,5/9/17 17:51,9/5/17 17:43
718,C1.5,12673,9/5/2017,5/9/17 20:00,5/9/17 21:20,9/5/17 21:12
719,C1.6,12673,9/6/2017,6/9/17 6:17,6/9/17 6:29,9/6/17 6:22
720,C2.7,12673,9/6/2017,6/9/17 7:29,6/9/17 7:48,9/6/17 7:34
721,X2.2,12673,9/6/2017,6/9/17 8:57,6/9/17 9:17,9/6/17 9:10
722,X9.3,12673,9/6/2017,6/9/17 11:53,6/9/17 12:10,9/6/17 12:02
723,M2.5,12673,9/6/2017,6/9/17 15:51,6/9/17 16:03,9/6/17 15:56
724,M1.4,12673,9/6/2017,6/9/17 19:21,6/9/17 19:35,9/6/17 19:30
725,M2.4,12673,9/7/2017,7/9/17 4:59,7/9/17 5:08,9/7/17 5:02
726,C8.2,12673,9/7/2017,7/9/17 6:19,7/9/17 6:42,9/7/17 6:28
727,C2.3,12673,9/7/2017,7/9/17 9:16,7/9/17 9:24,9/7/17 9:20
728,M1.4,12673,9/7/2017,7/9/17 9:49,7/9/17 9:58,9/7/17 9:54
729,M7.3,12673,9/7/2017,7/9/17 10:11,7/9/17 10:18,9/7/17 10:15
730,C3.0,12673,9/7/2017,7/9/17 12:00,7/9/17 12:28,9/7/17 12:14
731,X1.3,12673,9/7/2017,7/9/17 14:20,7/9/17 14:55,9/7/17 14:36
732,C5.2,12673,9/7/2017,7/9/17 18:04,7/9/17 18:36,9/7/17 18:28
733,C4.5,12673,9/7/2017,7/9/17 18:40,7/9/17 18:49,9/7/17 18:44
734,C2.5,12673,9/7/2017,7/9/17 20:54,7/9/17 20:59,9/7/17 20:57
735,C5.4,12673,9/7/2017,7/9/17 21:24,7/9/17 21:47,9/7/17 21:37
736,C2.7,12677,9/7/2017,7/9/17 22:57,7/9/17 23:02,9/7/17 23:00
737,C5.3,12673,9/8/2017,8/9/17 1:36,8/9/17 1:42,9/8/17 1:40
738,C1.2,12673,9/8/2017,8/9/17 2:10,8/9/17 2:15,9/8/17 2:13
739,M1.3,12673,9/8/2017,8/9/17 2:19,8/9/17 2:29,9/8/17 2:24
740,C1.4,12673,9/8/2017,8/9/17 3:30,8/9/17 3:37,9/8/17 3:34
741,M1.2,12673,9/8/2017,8/9/17 3:39,8/9/17 3:45,9/8/17 3:43
742,C8.3,12673,9/8/2017,8/9/17 5:31,8/9/17 5:53,9/8/17 5:48
743,C2.9,12673,9/8/2017,8/9/17 6:24,8/9/17 6:29,9/8/17 6:27
744,C1.7,12673,9/8/2017,8/9/17 6:35,8/9/17 6:41,9/8/17 6:38
745,C6.0,12673,9/8/2017,8/9/17 7:04,8/9/17 7:10,9/8/17 7:08
746,M8.1,12673,9/8/2017,8/9/17 7:40,8/9/17 7:58,9/8/17 7:49
747,C1.3,12673,9/8/2017,8/9/17 9:36,8/9/17 9:41,9/8/17 9:39
748,C1.6,12673,9/8/2017,8/9/17 10:45,8/9/17 10:51,9/8/17 10:49
749,C1.7,12673,9/8/2017,8/9/17 11:21,8/9/17 11:34,9/8/17 11:27
750,C5.9,12673,9/8/2017,8/9/17 12:09,8/9/17 12:15,9/8/17 12:13
751,C1.2,12673,9/8/2017,8/9/17 12:29,8/9/17 12:40,9/8/17 12:33
752,M2.9,12673,9/8/2017,8/9/17 15:09,8/9/17 16:04,9/8/17 15:47
753,C1.7,12673,9/8/2017,8/9/17 18:15,8/9/17 18:20,9/8/17 18:18
754,C1.7,12673,9/8/2017,8/9/17 20:10,8/9/17 20:16,9/8/17 20:14
755,C2.4,12673,9/8/2017,8/9/17 22:18,8/9/17 22:30,9/8/17 22:24
756,C2.0,12673,9/8/2017,8/9/17 23:16,8/9/17 23:23,9/8/17 23:21
757,M2.1,12673,9/8/2017,8/9/17 23:33,8/9/17 23:56,9/8/17 23:45
758,C1.0,12673,9/9/2017,9/9/17 0:36,9/9/17 0:46,9/9/17 0:39
759,C6.3,12673,9/9/2017,9/9/17 3:02,9/9/17 3:25,9/9/17 3:09
760,C4.2,12673,9/9/2017,9/9/17 3:57,9/9/17 4:07,9/9/17 4:01
761,M1.1,12673,9/9/2017,9/9/17 4:14,9/9/17 4:43,9/9/17 4:28
762,C1.4,12673,9/9/2017,9/9/17 6:23,9/9/17 6:40,9/9/17 6:29
763,C1.7,12673,9/9/2017,9/9/17 6:51,9/9/17 6:58,9/9/17 6:56
764,C1.5,12673,9/9/2017,9/9/17 7:17,9/9/17 7:40,9/9/17 7:27
765,M3.7,12673,9/9/2017,9/9/17 10:50,9/9/17 11:42,9/9/17 11:04
766,C1.4,12673,9/9/2017,9/9/17 14:49,9/9/17 14:58,9/9/17 14:53
767,C1.7,12673,9/9/2017,9/9/17 16:20,9/9/17 16:40,9/9/17 16:32
768,C1.8,12673,9/9/2017,9/9/17 19:09,9/9/17 19:20,9/9/17 19:15
769,C4.7,12673,9/9/2017,9/9/17 21:00,9/9/17 21:25,9/9/17 21:11
770,C9.0,12673,9/10/2017,10/9/17 2:40,10/9/17 3:25,9/10/17 3:09
771,C2.9,12673,9/10/2017,10/9/17 9:02,10/9/17 9:34,9/10/17 9:20
772,C1.6,12673,9/10/2017,10/9/17 14:19,10/9/17 14:25,9/10/17 14:23
773,C1.0,12673,9/10/2017,10/9/17 15:23,10/9/17 15:28,9/10/17 15:26
774,X8.2,12673,9/10/2017,10/9/17 15:35,10/9/17 16:31,9/10/17 16:06
775,B9.8,12673,9/11/2017,11/9/17 9:43,11/9/17 10:17,9/11/17 10:10
776,C3.0,12680,9/12/2017,12/9/17 7:22,12/9/17 7:34,9/12/17 7:29
777,B3.4,12677,9/12/2017,12/9/17 13:57,12/9/17 14:08,9/12/17 14:01
778,B3.5,12680,9/12/2017,12/9/17 15:28,12/9/17 15:39,9/12/17 15:35
779,B1.7,12680,9/12/2017,12/9/17 15:54,12/9/17 16:06,9/12/17 15:59
780,C1.6,12680,9/12/2017,12/9/17 19:03,12/9/17 19:28,9/12/17 19:20
781,B1.1,12680,9/13/2017,9/13/17 5:38,9/13/17 5:51,9/13/17 5:41
782,B1.4,12680,9/13/2017,9/13/17 7:39,9/13/17 8:09,9/13/17 7:48
783,B3.2,12681,9/20/2017,9/20/17 9:42,9/20/17 9:55,9/20/17 9:50
784,B5.4,12681,9/20/2017,9/20/17 12:31,9/20/17 12:52,9/20/17 12:43
785,B8.4,12680,9/20/2017,9/20/17 19:26,9/20/17 19:37,9/20/17 19:32
786,B1.0,12680,9/20/2017,9/20/17 20:00,9/20/17 20:09,9/20/17 20:03
787,B1.0,12680,9/20/2017,9/20/17 21:58,9/20/17 22:04,9/20/17 22:01
788,B3.0,12682,9/23/2017,9/23/17 5:51,9/23/17 6:10,9/23/17 6:03
789,B2.1,12682,9/24/2017,9/24/17 0:13,9/24/17 0:26,9/24/17 0:19
790,B2.8,12682,9/24/2017,9/24/17 11:18,9/24/17 11:24,9/24/17 11:22
791,B2.7,12681,9/24/2017,9/24/17 23:20,9/24/17 23:37,9/24/17 23:27
792,B5.7,12681,9/25/2017,9/25/17 2:14,9/25/17 2:46,9/25/17 2:35
793,B5.9,12681,9/25/2017,9/25/17 14:35,9/25/17 15:32,9/25/17 15:14
794,B2.9,12681,9/25/2017,9/25/17 17:09,9/25/17 17:14,9/25/17 17:12
795,B2.5,12683,9/25/2017,9/25/17 20:38,9/25/17 20:58,9/25/17 20:46
796,B2.3,12683,9/26/2017,9/26/17 2:16,9/26/17 2:25,9/26/17 2:20
797,C1.8,12683,9/26/2017,9/26/17 2:29,9/26/17 2:38,9/26/17 2:34
798,B4.6,12682,9/26/2017,9/26/17 6:01,9/26/17 6:08,9/26/17 6:05
799,B2.7,12683,9/26/2017,9/26/17 7:47,9/26/17 7:56,9/26/17 7:51
800,B2.1,12683,9/26/2017,9/26/17 9:23,9/26/17 9:30,9/26/17 9:26
801,B3.0,12683,9/26/2017,9/26/17 13:41,9/26/17 13:49,9/26/17 13:45
802,C1.7,12683,9/27/2017,9/27/17 0:50,9/27/17 1:07,9/27/17 1:01
803,B2.4,12682,9/27/2017,9/27/17 13:51,9/27/17 14:29,9/27/17 14:06
804,B2.1,12681,9/27/2017,9/27/17 17:46,9/27/17 18:03,9/27/17 17:50
805,B2.9,12681,9/28/2017,9/28/17 14:09,9/28/17 15:33,9/28/17 14:34
806,B2.2,12682,9/29/2017,9/29/17 13:25,9/29/17 13:38,9/29/17 13:31
807,B2.5,12682,9/29/2017,9/29/17 14:28,9/29/17 14:37,9/29/17 14:32
808,B3.5,12682,9/30/2017,9/30/17 17:04,9/30/17 17:15,9/30/17 17:11
809,B2.2,12683,10/3/2017,3/10/17 1:16,3/10/17 1:21,10/3/17 1:19
810,B1.1,12683,10/4/2017,4/10/17 1:25,4/10/17 1:38,10/4/17 1:28
811,B1.7,12683,10/4/2017,4/10/17 2:46,4/10/17 2:51,10/4/17 2:49
812,B2.4,12683,10/4/2017,4/10/17 3:47,4/10/17 3:58,10/4/17 3:54
813,B1.2,12683,10/4/2017,4/10/17 10:04,4/10/17 10:10,10/4/17 10:08
814,B2.4,12682,10/5/2017,5/10/17 2:43,5/10/17 2:50,10/5/17 2:48
815,B2.4,12683,10/5/2017,5/10/17 4:56,5/10/17 5:09,10/5/17 5:03
816,B3.5,12683,10/5/2017,5/10/17 6:11,5/10/17 6:25,10/5/17 6:19
817,B1.2,12683,10/5/2017,5/10/17 10:59,5/10/17 11:11,10/5/17 11:04
818,B1.4,12682,10/5/2017,5/10/17 11:25,5/10/17 11:31,10/5/17 11:29
819,C1.0,12683,10/5/2017,5/10/17 13:26,5/10/17 13:49,10/5/17 13:41
820,B3.3,12683,10/5/2017,5/10/17 19:51,5/10/17 20:10,10/5/17 20:02
821,B5.5,12683,10/5/2017,5/10/17 23:19,5/10/17 23:33,10/5/17 23:27
822,B1.6,12683,10/6/2017,6/10/17 0:36,6/10/17 0:41,10/6/17 0:39
823,B1.6,12683,10/6/2017,6/10/17 2:52,6/10/17 3:04,10/6/17 2:55
824,B1.5,12683,10/6/2017,6/10/17 5:54,6/10/17 6:01,10/6/17 5:58
825,B2.2,12683,10/6/2017,6/10/17 11:18,6/10/17 11:23,10/6/17 11:21
826,B9.8,12683,10/6/2017,6/10/17 16:31,6/10/17 16:36,10/6/17 16:34
827,B4.5,12683,10/6/2017,6/10/17 19:21,6/10/17 19:26,10/6/17 19:24
828,B2.9,12683,10/6/2017,6/10/17 19:37,6/10/17 19:42,10/6/17 19:40
829,B4.9,12683,10/7/2017,7/10/17 2:19,7/10/17 2:28,10/7/17 2:23
830,B1.2,12683,10/7/2017,7/10/17 5:22,7/10/17 5:27,10/7/17 5:25
831,B1.4,12683,10/7/2017,7/10/17 5:30,7/10/17 5:38,10/7/17 5:35
832,B1.6,12683,10/7/2017,7/10/17 5:59,7/10/17 6:06,10/7/17 6:02
833,B1.1,12683,10/8/2017,8/10/17 3:47,8/10/17 3:52,10/8/17 3:50
834,B5.0,12683,10/8/2017,8/10/17 6:42,8/10/17 6:50,10/8/17 6:47
835,B1.7,12683,10/8/2017,8/10/17 12:54,8/10/17 13:08,10/8/17 12:59
836,B1.8,12683,10/8/2017,8/10/17 16:17,8/10/17 16:23,10/8/17 16:21
837,B1.3,12683,10/8/2017,8/10/17 20:04,8/10/17 20:10,10/8/17 20:07
838,B1.3,12683,10/8/2017,8/10/17 20:47,8/10/17 20:52,10/8/17 20:50
839,B1.4,12683,10/9/2017,9/10/17 3:21,9/10/17 3:31,10/9/17 3:24
840,B1.4,12685,10/20/2017,10/20/17 0:06,10/20/17 1:01,10/20/17 0:49
841,B3.4,12685,10/20/2017,10/20/17 13:52,10/20/17 14:09,10/20/17 14:03
842,B3.9,12685,10/20/2017,10/20/17 22:45,10/20/17 22:58,10/20/17 22:53
843,M1.1,12685,10/20/2017,10/20/17 23:10,10/20/17 23:37,10/20/17 23:28
844,B1.8,12686,10/27/2017,10/27/17 0:36,10/27/17 0:50,10/27/17 0:44
845,B1.4,12687,11/14/2017,11/14/17 10:09,11/14/17 10:15,11/14/17 10:12
846,B3.7,12687,11/16/2017,11/16/17 13:02,11/16/17 13:10,11/16/17 13:06
847,B1.0,12687,11/16/2017,11/16/17 18:54,11/16/17 18:59,11/16/17 18:57
848,B6.2,12687,11/17/2017,11/17/17 0:21,11/17/17 0:30,11/17/17 0:28
849,B1.1,12687,11/18/2017,11/18/17 17:48,11/18/17 17:58,11/18/17 17:53
850,B1.7,12688,11/21/2017,11/21/17 1:58,11/21/17 2:10,11/21/17 2:03
851,B1.7,12687,11/23/2017,11/23/17 9:06,11/23/17 9:22,11/23/17 9:14
852,B2.9,12689,11/27/2017,11/27/17 11:06,11/27/17 11:25,11/27/17 11:17
853,B1.0,12689,12/1/2017,1/12/17 14:07,1/12/17 14:12,12/1/17 14:10
854,B1.0,12690,12/7/2017,7/12/17 3:20,7/12/17 3:28,12/7/17 3:23
855,B2.4,12692,12/19/2017,12/19/17 19:52,12/19/17 20:03,12/19/17 19:58
856,B1.6,12692,12/20/2017,12/20/17 7:56,12/20/17 8:06,12/20/17 8:00
857,B3.0,12692,12/20/2017,12/20/17 18:14,12/20/17 18:27,12/20/17 18:22
858,B1.2,12692,12/20/2017,12/20/17 20:49,12/20/17 21:01,12/20/17 20:53
859,B1.0,12692,12/20/2017,12/20/17 23:28,12/20/17 23:34,12/20/17 23:31
860,B1.2,12692,12/21/2017,12/21/17 23:25,12/21/17 23:34,12/21/17 23:30
861,B1.7,12692,12/22/2017,12/22/17 0:17,12/22/17 0:23,12/22/17 0:21
862,B3.3,12692,12/22/2017,12/22/17 1:11,12/22/17 1:17,12/22/17 1:15
863,B7.2,12692,12/22/2017,12/22/17 1:40,12/22/17 2:05,12/22/17 1:50
864,B2.4,12692,12/22/2017,12/22/17 2:28,12/22/17 2:33,12/22/17 2:31
865,B4.7,12692,12/22/2017,12/22/17 2:43,12/22/17 3:06,12/22/17 2:50
866,B2.6,12692,12/22/2017,12/22/17 3:31,12/22/17 3:44,12/22/17 3:36
867,B1.2,12692,12/22/2017,12/22/17 4:03,12/22/17 4:08,12/22/17 4:06
868,B1.5,12692,12/22/2017,12/22/17 6:28,12/22/17 6:36,12/22/17 6:31
869,B3.0,12692,12/22/2017,12/22/17 11:36,12/22/17 11:44,12/22/17 11:40
870,B3.3,12692,12/23/2017,12/23/17 6:24,12/23/17 6:31,12/23/17 6:29
871,B1.0,12692,12/23/2017,12/23/17 20:33,12/23/17 20:43,12/23/17 20:36
872,B1.6,12692,12/25/2017,12/25/17 7:11,12/25/17 7:28,12/25/17 7:16
873,B8.3,12692,12/28/2017,12/28/17 22:25,12/28/17 22:33,12/28/17 22:29
874,B9.7,12696,1/18/2018,1/18/18 7:28,1/18/18 7:39,1/18/18 7:35
875,B4.0,12696,1/18/2018,1/18/18 8:08,1/18/18 8:16,1/18/18 8:13
876,B1.2,12696,1/18/2018,1/18/18 9:51,1/18/18 10:06,1/18/18 9:57
877,B1.7,12696,1/20/2018,1/20/18 4:48,1/20/18 5:00,1/20/18 4:55
878,A9.1,12696,1/20/2018,1/20/18 17:42,1/20/18 17:58,1/20/18 17:52
879,B9.5,12696,1/22/2018,1/22/18 2:37,1/22/18 3:20,1/22/18 2:57
880,B1.3,12697,1/30/2018,1/30/18 17:35,1/30/18 17:46,1/30/18 17:39
881,B6.4,12699,2/4/2018,4/2/18 19:06,4/2/18 19:27,2/4/18 19:22
882,B3.7,12699,2/4/2018,4/2/18 19:46,4/2/18 19:55,2/4/18 19:51
883,C1.1,12699,2/4/2018,4/2/18 20:18,4/2/18 20:30,2/4/18 20:24
884,B2.6,12699,2/4/2018,4/2/18 20:46,4/2/18 21:07,2/4/18 20:59
885,B7.1,12699,2/4/2018,4/2/18 21:10,4/2/18 21:18,2/4/18 21:15
886,B3.0,12699,2/4/2018,4/2/18 22:28,4/2/18 22:52,2/4/18 22:45
887,B3.1,12699,2/4/2018,4/2/18 23:20,4/2/18 23:29,2/4/18 23:25
888,B1.9,12699,2/5/2018,5/2/18 1:17,5/2/18 1:29,2/5/18 1:20
889,B2.0,12699,2/5/2018,5/2/18 5:38,5/2/18 5:45,2/5/18 5:41
890,B2.7,12699,2/5/2018,5/2/18 15:45,5/2/18 16:05,2/5/18 15:53
891,B8.1,12699,2/5/2018,5/2/18 18:18,5/2/18 18:26,2/5/18 18:24
892,B3.3,12699,2/5/2018,5/2/18 20:32,5/2/18 20:41,2/5/18 20:38
893,B3.2,12699,2/5/2018,5/2/18 21:36,5/2/18 21:53,2/5/18 21:49
894,B4.1,12699,2/5/2018,5/2/18 22:16,5/2/18 22:27,2/5/18 22:21
895,B3.2,12699,2/6/2018,6/2/18 0:38,6/2/18 0:45,2/6/18 0:42
896,B3.1,12699,2/6/2018,6/2/18 1:06,6/2/18 1:15,2/6/18 1:10
897,B2.8,12699,2/6/2018,6/2/18 2:54,6/2/18 3:02,2/6/18 3:00
898,B3.7,12699,2/6/2018,6/2/18 5:19,6/2/18 5:43,2/6/18 5:28
899,B2.4,12699,2/6/2018,6/2/18 6:20,6/2/18 6:34,2/6/18 6:27
900,B2.3,12699,2/6/2018,6/2/18 9:08,6/2/18 9:18,2/6/18 9:14
901,B2.7,12699,2/6/2018,6/2/18 10:54,6/2/18 11:17,2/6/18 11:06
902,B5.6,12699,2/6/2018,6/2/18 14:14,6/2/18 14:48,2/6/18 14:26
903,B1.1,12699,2/6/2018,6/2/18 17:44,6/2/18 17:54,2/6/18 17:49
904,C1.0,12699,2/6/2018,6/2/18 18:45,6/2/18 19:44,2/6/18 18:58
905,B7.9,12699,2/7/2018,7/2/18 0:19,7/2/18 0:46,2/7/18 0:38
906,B1.3,12699,2/7/2018,7/2/18 7:29,7/2/18 7:36,2/7/18 7:32
907,C8.1,12699,2/7/2018,7/2/18 13:31,7/2/18 13:54,2/7/18 13:47
908,C1.7,12699,2/7/2018,7/2/18 14:35,7/2/18 14:44,2/7/18 14:39
909,B1.4,12699,2/7/2018,7/2/18 18:01,7/2/18 18:11,2/7/18 18:05
910,B2.1,12699,2/7/2018,7/2/18 23:32,7/2/18 23:37,2/7/18 23:35
911,B5.2,12699,2/8/2018,8/2/18 15:20,8/2/18 15:35,2/8/18 15:30
912,B7.4,12699,2/8/2018,8/2/18 16:51,8/2/18 17:21,2/8/18 16:59
913,B5.1,12699,2/8/2018,8/2/18 18:39,8/2/18 18:50,2/8/18 18:45
914,B5.1,12699,2/8/2018,8/2/18 19:43,8/2/18 20:01,2/8/18 19:55
915,B6.3,12699,2/8/2018,8/2/18 20:25,8/2/18 20:41,2/8/18 20:34
916,B1.6,12699,2/8/2018,8/2/18 21:10,8/2/18 21:17,2/8/18 21:14
917,B4.8,12699,2/8/2018,8/2/18 21:22,8/2/18 21:45,2/8/18 21:39
918,B2.3,12699,2/9/2018,9/2/18 3:43,9/2/18 3:54,2/9/18 3:48
919,B1.6,12699,2/9/2018,9/2/18 6:31,9/2/18 6:39,2/9/18 6:36
920,B2.1,12699,2/9/2018,9/2/18 8:27,9/2/18 8:35,2/9/18 8:31
921,B1.2,12699,2/9/2018,9/2/18 12:43,9/2/18 12:52,2/9/18 12:47
922,B3.2,12699,2/9/2018,9/2/18 14:51,9/2/18 15:01,2/9/18 14:56
923,B7.2,12699,2/9/2018,9/2/18 15:40,9/2/18 15:52,2/9/18 15:47
924,B4.6,12699,2/9/2018,9/2/18 16:38,9/2/18 16:54,2/9/18 16:43
925,B1.2,12699,2/9/2018,9/2/18 17:45,9/2/18 17:55,2/9/18 17:49
926,B4.4,12699,2/9/2018,9/2/18 18:12,9/2/18 18:29,2/9/18 18:19
927,C4.6,12699,2/10/2018,10/2/18 13:02,10/2/18 13:36,2/10/18 13:21
928,B2.4,12699,2/10/2018,10/2/18 16:31,10/2/18 16:51,2/10/18 16:43
929,B1.3,12699,2/10/2018,10/2/18 18:09,10/2/18 18:17,2/10/18 18:14
930,B1.1,12699,2/10/2018,10/2/18 20:34,10/2/18 20:47,2/10/18 20:40
931,B4.7,12699,2/10/2018,10/2/18 21:35,10/2/18 21:56,2/10/18 21:48
932,B4.8,12699,2/11/2018,11/2/18 1:04,11/2/18 1:11,2/11/18 1:09
933,B1.0,12699,2/11/2018,11/2/18 4:52,11/2/18 4:58,2/11/18 4:55
934,B2.6,12699,2/11/2018,11/2/18 5:29,11/2/18 5:40,2/11/18 5:35
935,B1.7,12699,2/11/2018,11/2/18 8:19,11/2/18 8:27,2/11/18 8:24
936,B3.7,12699,2/11/2018,11/2/18 9:00,11/2/18 9:14,2/11/18 9:07
937,B8.3,12699,2/11/2018,11/2/18 9:50,11/2/18 10:14,2/11/18 10:03
938,B1.2,12699,2/11/2018,11/2/18 11:37,11/2/18 11:44,2/11/18 11:41
939,B1.8,12699,2/11/2018,11/2/18 13:23,11/2/18 13:45,2/11/18 13:29
940,B1.6,12699,2/11/2018,11/2/18 13:53,11/2/18 14:10,2/11/18 13:57
941,B3.3,12699,2/11/2018,11/2/18 14:10,11/2/18 14:43,2/11/18 14:29
942,B1.5,12699,2/11/2018,11/2/18 16:13,11/2/18 16:20,2/11/18 16:18
943,B1.2,12699,2/11/2018,11/2/18 21:29,11/2/18 21:39,2/11/18 21:36
944,B1.6,12699,2/11/2018,11/2/18 21:43,11/2/18 21:49,2/11/18 21:47
945,B1.1,12699,2/11/2018,11/2/18 22:34,11/2/18 22:39,2/11/18 22:37
946,B1.0,12699,2/11/2018,11/2/18 23:10,11/2/18 23:16,2/11/18 23:13
947,B4.4,12699,2/12/2018,12/2/18 6:56,12/2/18 7:03,2/12/18 7:00
948,B2.8,12699,2/12/2018,12/2/18 11:36,12/2/18 12:25,2/12/18 11:43
949,B1.2,12699,2/12/2018,12/2/18 21:32,12/2/18 21:40,2/12/18 21:36
950,B1.2,12699,2/14/2018,2/14/18 8:22,2/14/18 8:27,2/14/18 8:25
951,B1.0,12699,2/14/2018,2/14/18 14:43,2/14/18 14:50,2/14/18 14:47
952,B1.4,12699,2/14/2018,2/14/18 15:54,2/14/18 16:20,2/14/18 16:08
953,B1.5,12699,2/14/2018,2/14/18 23:35,2/14/18 23:41,2/14/18 23:39
954,B1.2,12699,2/15/2018,2/15/18 0:47,2/15/18 0:53,2/15/18 0:51
955,B1.5,12699,2/15/2018,2/15/18 3:11,2/15/18 3:16,2/15/18 3:14
956,B1.1,12699,2/15/2018,2/15/18 6:23,2/15/18 6:28,2/15/18 6:26
957,B1.4,12699,2/15/2018,2/15/18 22:19,2/15/18 22:26,2/15/18 22:23
958,B1.2,12699,2/15/2018,2/15/18 23:50,2/15/18 23:58,2/15/18 23:55
959,B3.4,12699,2/16/2018,2/16/18 4:27,2/16/18 4:42,2/16/18 4:37
960,A9.7,12699,2/16/2018,2/16/18 20:57,2/16/18 21:19,2/16/18 21:12
961,B1.4,12699,2/17/2018,2/17/18 18:07,2/17/18 18:28,2/17/18 18:15
962,B1.0,12700,2/26/2018,2/26/18 11:58,2/26/18 12:04,2/26/18 12:02
963,B3.3,12700,2/26/2018,2/26/18 15:48,2/26/18 15:53,2/26/18 15:51
964,A8.9,12700,2/28/2018,2/28/18 6:04,2/28/18 7:30,2/28/18 6:55
965,B2.3,12700,2/28/2018,2/28/18 14:12,2/28/18 14:53,2/28/18 14:27
966,B1.4,12700,2/28/2018,2/28/18 15:23,2/28/18 15:30,2/28/18 15:27
967,B1.5,12700,2/28/2018,2/28/18 16:07,2/28/18 16:12,2/28/18 16:10
968,B1.2,12700,3/1/2018,1/3/18 22:03,1/3/18 22:13,3/1/18 22:07
969,B6.8,12700,3/2/2018,2/3/18 0:30,2/3/18 1:17,3/2/18 0:52
970,B5.2,12700,3/2/2018,2/3/18 5:14,2/3/18 5:34,3/2/18 5:27
971,B1.3,12700,3/2/2018,2/3/18 7:58,2/3/18 8:08,3/2/18 8:03
972,C1.9,12700,3/2/2018,2/3/18 10:56,2/3/18 11:13,3/2/18 11:07
973,B4.9,12700,3/3/2018,3/3/18 4:01,3/3/18 4:12,3/3/18 4:07
974,B1.1,12700,3/4/2018,4/3/18 2:55,4/3/18 3:07,3/4/18 3:01
975,B1.7,12703,3/30/2018,3/30/18 2:56,3/30/18 3:02,3/30/18 3:00
976,B1.8,12703,3/30/2018,3/30/18 4:11,3/30/18 4:19,3/30/18 4:15
977,B4.5,12703,3/30/2018,3/30/18 5:07,3/30/18 5:21,3/30/18 5:15
978,C4.6,12703,3/30/2018,3/30/18 7:57,3/30/18 8:08,3/30/18 8:04
979,B2.1,12703,3/30/2018,3/30/18 11:13,3/30/18 11:20,3/30/18 11:17
980,B2.0,12703,3/30/2018,3/30/18 17:58,3/30/18 18:15,3/30/18 18:07
981,B1.5,12703,3/31/2018,3/31/18 1:44,3/31/18 1:55,3/31/18 1:48
982,B7.1,12703,3/31/2018,3/31/18 8:59,3/31/18 9:23,3/31/18 9:11
983,B1.1,12703,3/31/2018,3/31/18 16:16,3/31/18 16:25,3/31/18 16:20
984,B1.1,12703,4/1/2018,1/4/18 0:49,1/4/18 0:57,4/1/18 0:53
985,B9.0,12703,4/1/2018,1/4/18 12:51,1/4/18 13:19,4/1/18 13:08
986,B2.1,12703,4/3/2018,3/4/18 3:56,3/4/18 4:15,4/3/18 4:05
987,B1.2,12703,4/3/2018,3/4/18 14:13,3/4/18 14:32,4/3/18 14:17
988,B2.0,12703,4/3/2018,3/4/18 20:30,3/4/18 20:38,4/3/18 20:35
989,B1.0,12704,4/14/2018,4/14/18 0:09,4/14/18 0:15,4/14/18 0:12
990,B3.5,12705,4/15/2018,4/15/18 12:37,4/15/18 12:43,4/15/18 12:40
991,B1.0,12705,4/15/2018,4/15/18 13:46,4/15/18 13:54,4/15/18 13:49
992,B3.3,12706,4/18/2018,4/18/18 12:50,4/18/18 13:50,4/18/18 13:04
993,B4.0,12706,4/18/2018,4/18/18 15:48,4/18/18 16:15,4/18/18 16:00
994,B1.4,12706,4/18/2018,4/18/18 18:20,4/18/18 18:35,4/18/18 18:28
995,B1.1,12706,4/20/2018,4/20/18 8:16,4/20/18 8:23,4/20/18 8:19
996,B1.0,12706,4/20/2018,4/20/18 9:39,4/20/18 9:47,4/20/18 9:42
997,B5.3,12706,4/20/2018,4/20/18 16:55,4/20/18 17:12,4/20/18 17:04
998,B3.6,12706,4/20/2018,4/20/18 22:12,4/20/18 22:25,4/20/18 22:19
999,B1.1,12706,4/21/2018,4/21/18 6:01,4/21/18 6:19,4/21/18 6:08
1000,B2.0,12706,4/21/2018,4/21/18 10:45,4/21/18 10:58,4/21/18 10:51
1001,B1.8,12706,4/21/2018,4/21/18 18:44,4/21/18 19:04,4/21/18 18:51
1002,B1.2,12706,4/21/2018,4/21/18 20:55,4/21/18 21:00,4/21/18 20:58
1003,B1.1,12706,4/21/2018,4/21/18 21:37,4/21/18 21:44,4/21/18 21:40
1004,B2.1,12706,4/24/2018,4/24/18 21:37,4/24/18 21:52,4/24/18 21:45
1005,B1.5,12706,4/28/2018,4/28/18 20:26,4/28/18 20:46,4/28/18 20:32
1006,B1.1,12706,4/30/2018,4/30/18 19:11,4/30/18 19:19,4/30/18 19:14
1007,B1.6,12706,5/1/2018,1/5/18 21:08,1/5/18 21:25,5/1/18 21:15
1008,B2.0,12712,5/23/2018,5/23/18 2:49,5/23/18 3:09,5/23/18 2:56
1009,B1.8,12712,5/23/2018,5/23/18 3:30,5/23/18 3:42,5/23/18 3:35
1010,B3.2,12712,5/23/2018,5/23/18 3:58,5/23/18 4:23,5/23/18 4:14
1011,B2.0,12712,5/23/2018,5/23/18 5:27,5/23/18 5:42,5/23/18 5:34
1012,B1.6,12712,5/23/2018,5/23/18 6:00,5/23/18 6:12,5/23/18 6:04
1013,B2.3,12712,5/23/2018,5/23/18 6:17,5/23/18 6:28,5/23/18 6:21
1014,B1.7,12712,5/23/2018,5/23/18 7:51,5/23/18 8:24,5/23/18 8:18
1015,B1.8,12712,5/23/2018,5/23/18 8:43,5/23/18 8:54,5/23/18 8:48
1016,B2.8,12712,5/23/2018,5/23/18 8:55,5/23/18 9:08,5/23/18 9:01
1017,B4.4,12712,5/23/2018,5/23/18 9:59,5/23/18 10:06,5/23/18 10:03
1018,B1.4,12712,5/23/2018,5/23/18 11:08,5/23/18 11:15,5/23/18 11:12
1019,B2.5,12712,5/23/2018,5/23/18 11:37,5/23/18 11:53,5/23/18 11:50
1020,B8.1,12712,5/23/2018,5/23/18 13:01,5/23/18 13:09,5/23/18 13:05
1021,B1.7,12712,5/23/2018,5/23/18 14:22,5/23/18 14:34,5/23/18 14:26
1022,B1.6,12711,5/23/2018,5/23/18 16:38,5/23/18 16:43,5/23/18 16:41
1023,B2.8,12712,5/23/2018,5/23/18 17:44,5/23/18 17:50,5/23/18 17:48
1024,B2.4,12712,5/23/2018,5/23/18 17:53,5/23/18 17:58,5/23/18 17:56
1025,C2.0,12712,5/23/2018,5/23/18 18:03,5/23/18 18:33,5/23/18 18:21
1026,B1.0,12712,5/23/2018,5/23/18 19:39,5/23/18 19:44,5/23/18 19:42
1027,B1.1,12712,5/23/2018,5/23/18 20:47,5/23/18 20:59,5/23/18 20:56
1028,B2.0,12712,5/23/2018,5/23/18 21:05,5/23/18 21:21,5/23/18 21:17
1029,B2.3,12712,5/23/2018,5/23/18 21:54,5/23/18 22:03,5/23/18 21:59
1030,B3.0,12712,5/24/2018,5/24/18 2:58,5/24/18 3:39,5/24/18 3:20
1031,B4.5,12712,5/24/2018,5/24/18 6:16,5/24/18 6:35,5/24/18 6:23
1032,B1.2,12712,5/24/2018,5/24/18 11:16,5/24/18 11:38,5/24/18 11:20
1033,B9.8,12710,5/24/2018,5/24/18 12:22,5/24/18 12:35,5/24/18 12:30
1034,B1.4,12712,5/24/2018,5/24/18 15:28,5/24/18 15:36,5/24/18 15:32
1035,B4.4,12712,5/24/2018,5/24/18 16:08,5/24/18 16:22,5/24/18 16:15
1036,B1.2,12712,5/24/2018,5/24/18 17:34,5/24/18 17:44,5/24/18 17:37
1037,B1.1,12712,5/25/2018,5/25/18 3:31,5/25/18 3:37,5/25/18 3:34
1038,B1.2,12712,5/25/2018,5/25/18 14:04,5/25/18 14:52,5/25/18 14:42
1039,B3.7,12711,5/25/2018,5/25/18 20:01,5/25/18 20:16,5/25/18 20:09
1040,B1.9,12712,5/25/2018,5/25/18 23:32,5/25/18 23:38,5/25/18 23:35
1041,B1.3,12712,5/26/2018,5/26/18 1:11,5/26/18 1:22,5/26/18 1:15
1042,B1.1,12712,5/26/2018,5/26/18 4:18,5/26/18 4:26,5/26/18 4:22
1043,B1.1,12712,5/27/2018,5/27/18 1:00,5/27/18 1:07,5/27/18 1:04
1044,B1.1,12712,5/27/2018,5/27/18 9:39,5/27/18 9:48,5/27/18 9:44
1045,B1.1,12712,5/27/2018,5/27/18 17:44,5/27/18 17:51,5/27/18 17:48
1046,B1.1,12712,5/27/2018,5/27/18 18:49,5/27/18 18:56,5/27/18 18:52
1047,B1.4,12712,5/28/2018,5/28/18 14:26,5/28/18 14:33,5/28/18 14:30
1048,B7.0,12712,5/28/2018,5/28/18 16:29,5/28/18 16:39,5/28/18 16:36
1049,C2.7,12712,5/28/2018,5/28/18 17:04,5/28/18 17:12,5/28/18 17:10
1050,B2.0,12712,5/28/2018,5/28/18 18:43,5/28/18 19:04,5/28/18 18:57
1051,B1.7,12712,5/28/2018,5/28/18 20:50,5/28/18 20:57,5/28/18 20:54
1052,B2.7,12712,5/29/2018,5/29/18 0:36,5/29/18 0:47,5/29/18 0:40
1053,B1.2,12712,5/29/2018,5/29/18 1:25,5/29/18 1:35,5/29/18 1:28
1054,B1.0,12712,5/29/2018,5/29/18 16:18,5/29/18 16:28,5/29/18 16:21
1055,B1.3,12710,5/30/2018,5/30/18 19:04,5/30/18 19:11,5/30/18 19:08
1056,B5.0,12712,5/31/2018,5/31/18 0:59,5/31/18 1:21,5/31/18 1:08
1057,B2.2,12712,5/31/2018,5/31/18 3:41,5/31/18 4:46,5/31/18 4:34
1058,B2.0,12712,5/31/2018,5/31/18 6:52,5/31/18 7:05,5/31/18 6:58
1059,B1.3,12712,5/31/2018,5/31/18 8:41,5/31/18 8:48,5/31/18 8:45
1060,B2.6,12712,5/31/2018,5/31/18 10:40,5/31/18 11:07,5/31/18 10:58
1061,B1.9,12712,5/31/2018,5/31/18 16:04,5/31/18 16:17,5/31/18 16:13
1062,B1.2,12712,5/31/2018,5/31/18 21:02,5/31/18 21:13,5/31/18 21:09
1063,B1.3,12712,5/31/2018,5/31/18 21:33,5/31/18 21:47,5/31/18 21:43
1064,B2.8,12712,5/31/2018,5/31/18 22:56,5/31/18 23:07,5/31/18 23:02
1065,B2.1,12712,6/1/2018,1/6/18 4:57,1/6/18 5:09,6/1/18 5:04
1066,B2.8,12712,6/1/2018,1/6/18 6:05,1/6/18 6:16,6/1/18 6:10
1067,B1.1,12712,6/1/2018,1/6/18 7:53,1/6/18 8:01,6/1/18 7:56
1068,B1.8,12712,6/2/2018,2/6/18 4:27,2/6/18 4:37,6/2/18 4:30
1069,B2.4,12712,6/2/2018,2/6/18 8:04,2/6/18 8:22,6/2/18 8:11
1070,B2.8,12712,6/2/2018,2/6/18 18:22,2/6/18 18:46,6/2/18 18:41
1071,B1.6,12712,6/2/2018,2/6/18 20:46,2/6/18 20:54,6/2/18 20:51
1072,B2.0,12712,6/2/2018,2/6/18 21:52,2/6/18 22:09,6/2/18 21:57
1073,B1.1,12712,6/2/2018,2/6/18 22:31,2/6/18 22:39,6/2/18 22:35
1074,B1.1,12712,6/3/2018,3/6/18 0:41,3/6/18 0:47,6/3/18 0:44
1075,B2.0,12712,6/3/2018,3/6/18 2:31,3/6/18 2:52,6/3/18 2:37
1076,B1.8,12712,6/3/2018,3/6/18 5:51,3/6/18 6:01,6/3/18 5:57
1077,B1.6,12712,6/3/2018,3/6/18 6:32,3/6/18 6:41,6/3/18 6:36
1078,B7.9,12712,6/3/2018,3/6/18 7:53,3/6/18 7:58,6/3/18 7:56
1079,B1.6,12712,6/3/2018,3/6/18 17:47,3/6/18 17:57,6/3/18 17:52
1080,C1.0,12712,6/6/2018,6/6/18 10:44,6/6/18 11:06,6/6/18 11:00
1081,B1.3,12712,6/6/2018,6/6/18 11:39,6/6/18 11:46,6/6/18 11:43
1082,B1.8,12713,6/11/2018,11/6/18 19:05,11/6/18 19:18,6/11/18 19:12
1083,B1.1,12713,6/12/2018,12/6/18 20:51,12/6/18 20:59,6/12/18 20:54
1084,B1.1,12713,6/15/2018,6/15/18 6:46,6/15/18 6:52,6/15/18 6:49
1085,B1.0,12713,6/15/2018,6/15/18 9:45,6/15/18 9:50,6/15/18 9:48
1086,B1.6,12713,6/16/2018,6/16/18 5:16,6/16/18 5:23,6/16/18 5:20
1087,B1.0,12713,6/17/2018,6/17/18 6:53,6/17/18 7:06,6/17/18 6:57
1088,B1.1,12713,6/17/2018,6/17/18 22:38,6/17/18 23:06,6/17/18 22:52
1089,B1.0,12713,6/18/2018,6/18/18 8:40,6/18/18 8:47,6/18/18 8:44
1090,B1.0,12714,6/19/2018,6/19/18 2:23,6/19/18 2:28,6/19/18 2:26
1091,B1.8,12714,6/20/2018,6/20/18 0:00,6/20/18 0:11,6/20/18 0:06
